序號,漢字,級別,書面字頻,口語字頻
1,的,第1級,40289,43113
2,是,第1級,15019,23520
3,一,第1級,16218,17583
4,個,第1級,6511,13886
5,我,第1級,11260,19178
6,有,第1級,9868,13459
7,不,第1級,12381,11496
8,也,第1級,4277,5017
9,們,第1級,5759,12063
10,你,第1級,4021,6673
11,都,第1級,3083,4817
12,說,第1級,4773,5478
13,要,第1級,4559,7985
14,人,第1級,9577,6851
15,對,第1級,3601,4994
16,很,第1級,2335,5619
17,來,第1級,6026,9074
18,和,第1級,3793,1636
19,她,第1級,3052,1669
20,好,第1級,2789,6060
21,以,第1級,5037,8689
22,年,第1級,3252,3635
23,到,第1級,5754,6949
24,沒,第1級,2614,3630
25,大,第1級,5469,6140
26,去,第1級,2486,4002
27,他,第1級,9004,6508
28,做,第1級,1623,3024
29,看,第1級,2610,4194
30,兩,第1級,1519,1365
31,後,第1級,3500,4810
32,什,第1級,1413,2339
33,麼,第1級,2631,4938
34,時,第1級,4965,5039
35,候,第1級,744,3024
36,台／臺,第1級,837,1675
37,多,第1級,2774,4073
38,用,第1級,2429,2909
39,想,第1級,2497,2440
40,現,第1級,2233,2830
41,天,第1級,2519,3034
42,前,第1級,1955,1772
43,可,第1級,4226,5726
44,能,第1級,3777,3662
45,月,第1級,891,833
46,小,第1級,2483,2805
47,知,第1級,1871,1408
48,道,第1級,2349,1864
49,家,第1級,3026,4161
50,嗎,第1級,606,1171
51,問,第1級,1565,1256
52,新,第1級,1171,1008
53,給,第1級,1119,1294
54,呢,第1級,511,1191
55,三,第1級,1834,1217
56,位,第1級,1282,1088
57,吃,第1級,632,1413
58,元,第1級,514,278
59,工,第1級,1251,1616
60,日,第1級,1372,773
61,子,第1級,4259,3724
62,歲,第1級,412,385
63,灣,第1級,382,1050
64,太,第1級,1469,1149
65,東,第1級,885,1286
66,西,第1級,1127,1407
67,媽,第1級,514,1766
68,老,第1級,1472,1717
69,師,第1級,835,1726
70,怎,第1級,561,1381
71,幾,第1級,1048,888
72,高,第1級,1390,1387
73,妳,第1級,301,1161
74,學,第1級,3074,2471
75,生,第1級,4305,4125
76,美,第1級,1162,1217
77,國,第1級,2757,3093
78,今,第1級,554,1076
79,本,第1級,1832,1440
80,中,第1級,4383,2600
81,水,第1級,951,2442
82,書,第1級,1133,665
83,吧,第1級,466,498
84,愛,第1級,889,821
85,帶,第1級,764,963
86,起,第1級,2131,1993
87,請,第1級,499,546
88,走,第1級,1074,859
89,二,第1級,1758,882
90,喜,第1級,589,538
91,歡,第1級,464,640
92,外,第1級,1366,1453
93,點,第1級,1557,1814
94,話,第1級,1290,1462
95,四,第1級,1141,688
96,昨,第1級,56,60
97,校,第1級,380,484
98,找,第1級,671,577
99,叫,第1級,582,634
100,分,第1級,1887,1845
101,爸,第1級,274,1017
102,朋,第1級,362,690
103,友,第1級,535,874
104,寫,第1級,635,423
105,聽,第1級,985,650
106,買,第1級,288,380
107,五,第1級,1109,648
108,先,第1級,1287,960
109,半,第1級,449,388
110,錢,第1級,418,509
111,您,第1級,224,510
112,車,第1級,773,715
113,誰,第1級,293,189
114,打,第1級,1078,804
115,拿,第1級,421,522
116,路,第1級,787,744
117,快,第1級,719,840
118,哪,第1級,372,518
119,十,第1級,2241,1281
120,謝,第1級,233,933
121,坐,第1級,416,221
122,少,第1級,883,887
123,久,第1級,395,293
124,字,第1級,642,353
125,六,第1級,739,406
126,喝,第1級,209,239
127,裡／裏,第1級,2377,3126
128,兒,第1級,1198,508
129,同,第1級,1896,1301
130,早,第1級,542,526
131,女,第1級,1289,505
132,七,第1級,647,318
133,晚,第1級,379,270
134,上,第1級,5321,4322
135,八,第1級,766,383
136,英,第1級,402,308
137,下,第1級,3238,3347
138,午,第1級,162,128
139,茶,第1級,138,600
140,姐,第1級,273,71
141,電,第1級,974,971
142,百,第1級,765,646
143,手,第1級,1489,1037
144,機,第1級,1062,1293
145,名,第1級,1080,569
146,號,第1級,279,341
147,哥,第1級,305,353
148,法,第1級,2010,1582
149,千,第1級,420,454
150,九,第1級,1027,227
151,咖,第1級,67,106
152,啡,第1級,63,95
153,妹,第1級,187,170
154,飯,第1級,203,254
155,弟,第1級,306,219
156,明,第1級,1369,816
157,覺,第1級,1129,2274
158,再,第1級,1158,1372
159,見,第1級,1334,505
160,姓,第1級,147,50
161,星,第1級,357,201
162,期,第1級,863,732
163,安,第1級,901,722
164,又,第1*級,1436,993
165,口,第1*級,849,530
166,山,第1*級,938,911
167,己,第1*級,1888,1562
168,公,第1*級,1497,1137
169,心,第1*級,2896,2373
170,文,第1*級,1372,822
171,方,第1*級,2223,2251
172,比,第1*級,1258,2260
173,火,第1*級,378,447
174,牛,第1*級,221,146
175,王,第1*級,848,334
176,出,第1*級,3762,2530
177,包,第1*級,480,571
178,句,第1*級,280,195
179,只,第1*級,1917,1473
180,右,第1*級,218,183
181,奶,第1*級,144,140
182,它,第1*級,1051,3701
183,左,第1*級,239,169
184,白,第1*級,839,466
185,件,第1*級,724,518
186,休,第1*級,196,177
187,共,第1*級,405,339
188,因,第1*級,2341,3446
189,在,第1*級,9740,10280
190,地,第1*級,3433,3608
191,自,第1*級,3744,2738
192,衣,第1*級,285,287
193,住,第1*級,711,521
194,別,第1*級,1018,887
195,每,第1*級,934,1189
196,男,第1*級,497,160
197,那,第1*級,2986,7117
198,事,第1*級,2884,1901
199,些,第1*級,1995,2503
200,店,第1*級,261,127
201,念,第1*級,475,468
202,房,第1*級,488,310
203,所,第1*級,2705,4609
204,服,第1*級,556,476
205,杯,第1*級,100,106
206,果,第1*級,1623,1945
207,枝,第1*級,88,66
208,玩,第1*級,276,345
209,空,第1*級,572,557
210,花,第1*級,703,729
211,長,第1*級,1669,1512
212,門,第1*級,863,375
213,雨,第1*級,168,533
214,非,第1*級,891,1278
215,室,第1*級,344,272
216,為,第1*級,5510,5496
217,紅,第1*級,353,338
218,面,第1*級,1881,3120
219,風,第1*級,598,887
220,飛,第1*級,367,191
221,息,第1*級,380,237
222,氣,第1*級,1065,1323
223,真／眞,第1*級,1224,1730
224,馬,第1*級,864,621
225,唸,第1*級,43,76
226,夠,第1*級,409,964
227,常,第1*級,1545,2330
228,張,第1*級,752,425
229,得,第1*級,3663,3765
230,從,第1*級,1814,1623
231,教,第1*級,1226,1281
232,這,第1*級,7779,15333
233,就,第1*級,4932,11918
234,最,第1*級,1863,2115
235,短,第1*級,195,146
236,開,第1*級,2140,2258
237,黑,第1*級,366,238
238,塊,第1*級,209,436
239,會,第1*級,4808,6830
240,跟,第1*級,728,2671
241,過,第1*級,3355,3330
242,樂,第1*級,682,473
243,樣,第1*級,1963,4443
244,頭,第1*級,1539,855
245,還,第1*級,2108,3489
246,鐘,第1*級,229,138
247,了,第2級,9197,8762
248,讓,第2級,1428,1885
249,把,第2級,1851,1906
250,刀,第2級,148,94
251,已,第2級,1354,1261
252,才,第2級,1220,1166
253,化,第2級,1035,1254
254,片,第2級,505,437
255,冬,第2級,84,192
256,功,第2級,590,400
257,加,第2級,1009,1161
258,北,第2級,511,747
259,司,第2級,667,154
260,市,第2級,486,489
261,平,第2級,758,841
262,末,第2級,108,65
263,正,第2級,1568,841
264,瓜,第2級,74,189
265,交,第2級,515,375
266,全,第2級,1277,1516
267,冰,第2級,115,237
268,各,第2級,668,631
269,回,第2級,1506,1407
270,如,第2級,2847,2137
271,忙,第2級,279,355
272,成,第2級,2870,2823
273,肉,第2級,230,124
274,色,第2級,770,774
275,行,第2級,1911,1295
276,但,第2級,2297,1858
277,作,第2級,2189,1874
278,冷,第2級,220,296
279,希,第2級,468,705
280,床／牀,第2級,180,98
281,忘,第2級,185,126
282,更,第2級,1208,1154
283,汽,第2級,100,63
284,言,第2級,678,211
285,身,第2級,1501,922
286,始,第2級,771,1048
287,定,第2級,1699,1403
288,宜,第2級,97,126
289,往,第2級,728,473
290,怕,第2級,352,339
291,或,第2級,1647,1154
292,放,第2級,784,910
293,易,第2級,458,386
294,狗,第2級,184,103
295,直,第2級,890,889
296,迎,第2級,126,240
297,近,第2級,555,629
298,亮,第2級,256,287
299,便,第2級,852,334
300,係,第2級,402,368
301,信,第2級,1037,450
302,南,第2級,523,638
303,孩,第2級,1231,1147
304,客,第2級,448,301
305,思,第2級,747,521
306,春,第2級,183,174
307,洗,第2級,140,332
308,活,第2級,1185,1103
309,相,第2級,1413,953
310,秋,第2級,99,109
311,穿,第2級,279,214
312,計,第2級,658,554
313,重,第2級,1524,1633
314,音,第2級,556,322
315,香,第2級,252,324
316,哭,第2級,162,96
317,夏,第2級,167,201
318,容,第2級,600,504
319,差,第2級,304,408
320,旁,第2級,227,164
321,旅,第2級,181,157
322,桌,第2級,156,88
323,海,第2級,639,1121
324,特,第2級,1154,862
325,班,第2級,249,443
326,病,第2級,637,770
327,站,第2級,347,235
328,笑,第2級,522,208
329,紙,第2級,190,230
330,送,第2級,301,326
331,院,第2級,449,368
332,隻,第2級,268,199
333,動,第2級,1914,1847
334,唱,第2級,150,119
335,啊,第2級,321,1884
336,情,第2級,1803,1397
337,接,第2級,1042,936
338,望,第2級,738,788
339,條,第2級,509,363
340,球,第2級,449,707
341,眼,第2級,813,352
342,票,第2級,112,84
343,第,第2級,1183,1013
344,累,第2級,117,163
345,習,第2級,607,604
346,蛋,第2級,137,111
347,袋,第2級,118,123
348,部,第2級,1244,1184
349,魚,第2級,256,230
350,單,第2級,482,491
351,場,第2級,830,803
352,椅,第2級,89,45
353,渴,第2級,64,25
354,然,第2級,2847,4070
355,畫,第2級,470,530
356,筆,第2級,238,126
357,等,第2級,1226,896
358,舒,第2級,103,110
359,菜,第2級,168,551
360,視,第2級,571,430
361,貴,第2級,218,205
362,跑,第2級,407,253
363,進,第2級,1460,1189
364,間,第2級,1703,1559
365,黃,第2級,320,304
366,園,第2級,226,371
367,意,第2級,1948,1187
368,準,第2級,408,364
369,照,第2級,464,529
370,當,第2級,2369,2433
371,睛,第2級,179,81
372,筷,第2級,8,59
373,經,第2級,2234,2473
374,腦,第2級,605,231
375,腳,第2級,377,273
376,萬,第2級,581,562
377,試,第2級,391,356
378,跳,第2級,218,128
379,較,第2級,549,1476
380,運,第2級,586,501
381,飽,第2級,51,93
382,像,第2級,1284,2012
383,圖,第2級,430,255
384,慢,第2級,305,648
385,歌,第2級,201,134
386,漂,第2級,79,194
387,睡,第2級,261,201
388,種,第2級,1895,2766
389,綠,第2級,112,295
390,認,第2級,1058,655
391,語,第2級,494,322
392,遠,第2級,536,358
393,鼻,第2級,85,37
394,嘴,第2級,179,67
395,影,第2級,755,711
396,樓,第2級,203,120
397,熱,第2級,353,530
398,練,第2級,328,266
399,課,第2級,288,396
400,豬,第2級,70,42
401,賣,第2級,204,229
402,餓,第2級,53,57
403,樹,第2級,306,464
404,糕,第2級,51,45
405,興,第2級,485,325
406,貓,第2級,67,71
407,錯,第2級,418,468
408,餐,第2級,203,243
409,館,第2級,211,125
410,網,第2級,252,172
411,辦,第2級,484,655
412,幫,第2級,424,853
413,懂,第2級,169,181
414,應,第2級,1205,1026
415,聲,第2級,903,366
416,臉,第2級,317,120
417,禮,第2級,292,274
418,轉,第2級,553,397
419,醫,第2級,537,695
420,雙,第2級,339,168
421,雞／鷄,第2級,129,71
422,離,第2級,570,423
423,題,第2級,993,958
424,顏,第2級,97,117
425,藥,第2級,310,355
426,識,第2級,600,350
427,邊,第2級,779,1425
428,關,第2級,1358,1070
429,難,第2級,796,920
430,麵／麪,第2級,85,118
431,體,第2級,1265,1062
432,廳,第2級,126,76
433,力,第2*級,1987,1496
434,內,第2*級,980,636
435,巴,第2*級,386,433
436,斤,第2*級,40,110
437,木,第2*級,298,260
438,毛,第2*級,227,108
439,父,第2*級,721,360
440,牙,第2*級,136,175
441,卡,第2*級,333,166
442,必,第2*級,849,386
443,母,第2*級,765,363
444,玉,第2*級,158,210
445,田,第2*級,250,438
446,石,第2*級,411,399
447,光,第2*級,712,609
448,向,第2*級,1041,406
449,收,第2*級,434,937
450,次,第2*級,1088,1189
451,米,第2*級,295,351
452,羊,第2*級,89,57
453,伯,第2*級,212,177
454,吵,第2*級,61,80
455,址,第2*級,27,29
456,完,第2*級,808,784
457,局,第2*級,224,173
458,李,第2*級,406,208
459,豆,第2*級,87,160
460,其,第2*級,1855,2668
461,拍,第2*級,145,185
462,林,第2*級,430,481
463,河,第2*級,279,339
464,泳,第2*級,25,35
465,物,第2*級,1143,1533
466,表,第2*級,1016,725
467,金,第2*級,734,521
468,青,第2*級,299,254
469,屋,第2*級,210,143
470,故,第2*級,514,306
471,原,第2*級,923,899
472,租,第2*級,46,49
473,草,第2*級,253,395
474,記,第2*級,726,551
475,停,第2*級,305,201
476,處,第2*級,941,536
477,許,第2*級,945,516
478,貨,第2*級,115,97
479,通,第2*級,748,614
480,雪,第2*級,152,145
481,喂,第2*級,16,18
482,換,第2*級,246,241
483,景,第2*級,268,226
484,游,第2*級,90,134
485,發,第2*級,2290,2174
486,結,第2*級,989,712
487,華,第2*級,452,186
488,著／着,第2*級,3225,1496
489,街,第2*級,155,127
490,詞,第2*級,154,57
491,越,第2*級,466,672
492,週,第2*級,136,71
493,郵,第2*級,58,20
494,陽,第2*級,314,279
495,搬,第2*級,78,94
496,爺,第2*級,166,175
497,節,第2*級,407,551
498,該,第2*級,817,783
499,境,第2*級,407,644
500,滿,第2*級,654,527
501,算,第2*級,454,413
502,燈,第2*級,138,181
503,糖,第2*級,83,117
504,親,第2*級,1059,550
505,入,第3級,914,800
506,叉,第3級,26,19
507,介,第3級,175,169
508,戶,第3級,221,160
509,支,第3級,300,307
510,世,第3級,939,828
511,付,第3級,166,141
512,另,第3級,497,378
513,巧,第3級,162,127
514,汁,第3級,38,33
515,皮,第3級,290,180
516,立,第3級,917,516
517,丟,第3級,90,108
518,合,第3級,879,824
519,朵／朶,第3級,104,44
520,死,第3級,752,347
521,汗,第3級,94,82
522,考,第3級,503,384
523,而,第3級,3638,2211
524,耳,第3級,171,126
525,低,第3級,325,338
526,克,第3級,829,340
527,利,第3級,947,898
528,助,第3級,462,562
529,努,第3級,196,197
530,呀,第3級,165,223
531,告,第3級,727,404
532,弄,第3級,144,103
533,折,第3級,144,91
534,步,第3級,566,378
535,決,第3級,635,402
536,沙,第3級,187,239
537,究,第3級,730,351
538,肚,第3級,79,69
539,足,第3級,420,300
540,例,第3級,497,262
541,刷,第3級,42,58
542,刻,第3級,415,213
543,叔,第3級,81,161
544,周,第3級,249,164
545,味,第3級,301,300
546,夜,第3級,287,128
547,奇,第3級,435,255
548,姊,第3級,79,383
549,居,第3級,325,303
550,怪,第3級,277,154
551,拉,第3級,666,552
552,油,第3級,172,376
553,注,第3級,407,263
554,爬,第3級,112,69
555,舍,第3級,48,49
556,阿,第3級,506,803
557,附,第3級,168,128
558,冒,第3級,121,62
559,哇,第3級,28,155
560,城,第3級,454,236
561,封,第3級,211,84
562,度,第3級,1127,1357
563,急,第3級,246,156
564,拜,第3級,175,309
565,查,第3級,304,245
566,洋,第3級,189,189
567,流,第3級,577,649
568,界,第3級,625,706
569,研,第3級,661,358
570,背,第3級,299,227
571,胖,第3級,42,51
572,苦,第3級,369,510
573,訂,第3級,86,55
574,食,第3級,383,702
575,借,第3級,84,80
576,剛,第3級,347,1232
577,員,第3級,772,432
578,套,第3級,165,102
579,浴,第3級,38,17
580,消,第3級,396,343
581,留,第3級,380,321
582,破,第3級,279,239
583,祝,第3級,49,97
584,級,第3級,235,217
585,臭,第3級,44,47
586,酒,第3級,306,60
587,乾,第3級,238,385
588,假,第3級,338,233
589,健,第3級,235,352
590,務,第3級,464,372
591,匙,第3級,43,12
592,參,第3級,407,316
593,商,第3級,427,207
594,啦,第3級,184,801
595,婚,第3級,269,132
596,宿,第3級,53,47
597,寄,第3級,76,49
598,康,第3級,353,300
599,捷,第3級,49,26
600,掉,第3級,304,528
601,排,第3級,294,295
602,清,第3級,801,490
603,瓶,第3級,70,135
604,甜,第3級,74,107
605,畢,第3級,191,143
606,盒,第3級,46,46
607,笨,第3級,40,20
608,紹,第3級,105,128
609,統,第3級,601,534
610,船,第3級,194,121
611,莓,第3級,11,18
612,被,第3級,1315,871
613,逛,第3級,21,20
614,陪,第3級,85,139
615,鳥,第3級,140,145
616,麻,第3級,173,157
617,備,第3級,436,363
618,報,第3級,535,344
619,帽,第3級,53,23
620,提,第3級,941,644
621,敢,第3級,223,135
622,湯,第3級,201,107
623,無,第3級,1901,739
624,程,第3級,702,673
625,窗,第3級,131,51
626,答,第3級,396,173
627,訴,第3級,411,266
628,超,第3級,286,308
629,隊,第3級,337,265
630,飲,第3級,121,133
631,傳,第3級,694,559
632,感,第3級,1340,1397
633,楚,第3級,263,142
634,業,第3級,1091,991
635,概,第3級,223,599
636,溫,第3級,240,568
637,矮,第3級,34,16
638,碗,第3級,57,63
639,裙,第3級,22,7
640,裝,第3級,313,267
641,遊,第3級,226,230
642,慣,第3級,155,183
643,精,第3級,541,330
644,緊,第3級,333,222
645,聞,第3級,196,155
646,腿,第3級,106,31
647,舞,第3級,183,166
648,趕,第3級,197,259
649,輕,第3級,553,405
650,辣,第3級,24,36
651,酸,第3級,83,139
652,銀,第3級,200,104
653,需,第3級,607,513
654,餃,第3級,5,5
655,餅,第3級,75,42
656,廚,第3級,68,67
657,瘦,第3級,46,26
658,盤,第3級,149,82
659,碼,第3級,80,47
660,箱,第3級,88,71
661,趣,第3級,255,209
662,踢,第3級,38,12
663,輛,第3級,63,33
664,鞋,第3級,108,89
665,髮,第3級,146,70
666,鬧,第3級,95,49
667,澡,第3級,29,32
668,蕉,第3級,18,59
669,褲,第3級,47,18
670,選,第3級,441,442
671,龍,第3級,266,176
672,戲,第3級,219,143
673,戴,第3級,134,68
674,總,第3級,676,510
675,聰,第3級,107,57
676,賽,第3級,243,146
677,闆,第3級,74,62
678,雖,第3級,507,373
679,鮮,第3級,121,235
680,簡,第3級,310,314
681,舊,第3級,188,103
682,藍,第3級,149,86
683,騎,第3級,106,78
684,壞,第3級,211,209
685,簽,第3級,45,52
686,願,第3級,332,301
687,蘋,第3級,29,45
688,鹹,第3級,16,21
689,鐵,第3級,184,187
690,顧,第3級,342,305
691,讀,第3級,508,309
692,變,第3級,1127,1284
693,罐,第3級,34,41
694,丁,第3*級,100,89
695,土,第3*級,281,722
696,寸,第3*級,32,22
697,切,第3*級,454,232
698,及,第3*級,1157,561
699,反,第3*級,808,572
700,夫,第3*級,676,306
701,且,第3*級,799,776
702,主,第3*級,1406,942
703,代,第3*級,1074,837
704,失,第3*級,637,412
705,布,第3*級,430,313
706,民,第3*級,859,1249
707,由,第3*級,980,469
708,目,第3*級,726,674
709,示,第3*級,457,313
710,存,第3*級,377,336
711,式,第3*級,802,561
712,此,第3*級,1792,544
713,何,第3*級,1129,458
714,形,第3*級,629,440
715,改,第3*級,606,557
716,村,第3*級,181,327
717,求,第3*級,638,352
718,里,第3*級,393,281
719,京,第3*級,280,79
720,具,第3*級,451,293
721,初,第3*級,295,220
722,取,第3*級,510,310
723,受,第3*級,1157,934
724,命,第3*級,782,509
725,妻,第3*級,206,79
726,姑,第3*級,173,39
727,府,第3*級,346,434
728,性,第3*級,1484,757
729,於,第3*級,2574,1356
730,社,第3*級,690,552
731,虎,第3*級,118,57
732,保,第3*級,608,882
733,品,第3*級,743,611
734,哈,第3*級,287,117
735,架,第3*級,163,117
736,派,第3*級,327,174
737,珍,第3*級,132,152
738,眉,第3*級,66,15
739,約,第3*級,466,329
740,軍,第3*級,818,346
741,孫,第3*級,215,69
742,害,第3*級,375,468
743,展,第3*級,578,450
744,座,第3*級,223,172
745,根,第3*級,522,424
746,珠,第3*級,103,40
747,神,第3*級,965,434
748,般,第3*級,369,392
749,除,第3*級,451,554
750,偷,第3*級,134,79
751,婆,第3*級,158,147
752,救,第3*級,187,291
753,殺,第3*級,400,124
754,深,第3*級,563,378
755,淺,第3*級,52,31
756,猜,第3*級,84,58
757,理,第3*級,1975,989
758,終,第3*級,383,200
759,連,第3*級,569,390
760,喔,第3*級,52,868
761,寓,第3*級,41,9
762,晴,第3*級,25,30
763,棒,第3*級,94,183
764,痛,第3*級,370,211
765,象,第3*級,443,419
766,費,第3*級,353,362
767,貼,第3*級,99,104
768,鄉,第3*級,188,294
769,量,第3*級,732,979
770,雲,第3*級,224,132
771,傷,第3*級,377,298
772,圓,第3*級,151,123
773,極,第3*級,462,243
774,煙／烟,第3*級,92,46
775,煩,第3*級,141,112
776,獅,第3*級,23,35
777,義,第3*級,675,409
778,舅,第3*級,39,8
779,解,第3*級,1106,805
780,農,第3*級,256,1098
781,遇,第3*級,230,172
782,厭,第3*級,83,30
783,實,第3*級,1827,2896
784,演,第3*級,439,373
785,管,第3*級,711,507
786,領,第3*級,514,231
787,價,第3*級,361,275
788,數,第3*級,775,496
789,線,第3*級,377,306
790,論,第3*級,912,279
791,齒,第3*級,48,42
792,器,第3*級,284,332
793,整,第3*級,574,774
794,燒,第3*級,128,141
795,隨,第3*級,429,289
796,舉／擧,第3*級,326,264
797,櫃,第3*級,57,32
798,類,第3*級,641,598
799,籃,第3*級,36,43
800,覽,第3*級,41,34
801,觀,第3*級,758,816
802,士,第4級,664,477
803,夕,第4級,35,19
804,巾,第4級,40,20
805,之,第4級,3660,2170
806,仍,第4級,346,98
807,尤,第4級,173,160
808,尺,第4級,100,128
809,引,第4級,446,300
810,止,第4級,276,192
811,乎,第4級,535,246
812,仔,第4級,132,90
813,兄,第4級,163,176
814,充,第4級,283,174
815,史,第4級,653,278
816,未,第4級,531,275
817,永,第4級,272,178
818,申,第4級,54,39
819,任,第4級,930,580
820,份,第4級,240,287
821,印,第4級,222,360
822,危,第4級,182,229
823,池,第4級,66,115
824,污／汙,第4級,47,170
825,竹,第4級,99,150
826,至,第4級,861,519
827,血,第4級,303,178
828,免,第4級,253,185
829,困,第4級,250,281
830,圾,第4級,24,173
831,技,第4級,326,250
832,抓,第4級,145,93
833,投,第4級,303,249
834,材,第4級,156,247
835,束,第4級,148,102
836,牠,第4級,279,548
837,系,第4級,361,242
838,育,第4級,330,421
839,角,第4級,434,286
840,辛,第4級,110,273
841,並,第4級,1191,423
842,乖,第4級,46,112
843,乳,第4級,83,62
844,亞,第4級,388,600
845,享,第4級,164,263
846,使,第4級,1162,579
847,典,第4級,174,189
848,制,第4級,556,288
849,呼,第4級,242,143
850,垃,第4級,24,173
851,季,第4級,90,213
852,幸,第4級,228,231
853,底,第4級,362,526
854,忽,第4級,168,50
855,抱,第4級,226,113
856,招,第4級,159,67
857,枕,第4級,22,8
858,治,第4級,709,397
859,況,第4級,398,395
860,泡,第4級,73,185
861,炒,第4級,29,43
862,爭,第4級,418,247
863,者,第4級,1777,917
864,肥,第4級,58,209
865,肯,第4級,211,88
866,則,第4級,822,244
867,勇,第4級,130,93
868,卻／却,第4級,853,413
869,厚,第4級,109,78
870,咬,第4級,62,43
871,姨,第4級,31,42
872,巷,第4級,29,15
873,帥,第4級,39,21
874,建,第4級,628,523
875,律,第4級,209,112
876,持,第4級,582,585
877,指,第4級,640,247
878,按,第4級,169,73
879,挑,第4級,176,160
880,政,第4級,780,799
881,染,第4級,101,255
882,段,第4級,440,369
883,毒,第4級,153,224
884,泉,第4級,65,42
885,洞,第4級,145,61
886,洲,第4級,152,357
887,炸,第4級,58,92
888,甚,第4級,419,305
889,省,第4級,199,240
890,科,第4級,609,376
891,秒,第4級,58,57
892,突,第4級,366,239
893,紀,第4級,321,328
894,郎,第4級,131,18
895,頁,第4級,108,23
896,首,第4級,323,279
897,乘,第4級,91,52
898,修,第4級,268,220
899,倒,第4級,308,211
900,值／値,第4級,304,256
901,娘,第4級,237,83
902,島,第4級,136,267
903,庭,第4級,219,223
904,恭,第4級,50,30
905,扇,第4級,38,28
906,效,第4級,404,271
907,料,第4級,373,458
908,格,第4級,587,275
909,案,第4級,415,233
910,浪,第4級,127,201
911,烏,第4級,108,92
912,烤,第4級,34,29
913,疼,第4級,67,56
914,祖,第4級,213,102
915,素,第4級,273,370
916,蚊,第4級,13,54
917,討,第4級,313,178
918,訓,第4級,204,126
919,迷,第4級,171,71
920,追,第4級,264,128
921,退,第4級,246,177
922,陣,第4級,176,79
923,偉,第4級,74,61
924,剪,第4級,49,92
925,區,第4級,431,835
926,啤,第4級,25,2
927,堂,第4級,214,125
928,堆,第4級,120,96
929,婦,第4級,197,108
930,密,第4級,305,191
931,將,第4級,1259,671
932,專,第4級,450,395
933,強／强,第4級,648,439
934,惜,第4級,92,134
935,掛,第4級,100,49
936,推,第4級,408,304
937,敗,第4級,235,72
938,族,第4級,384,287
939,棄,第4級,144,160
940,涼,第4級,62,77
941,淚,第4級,102,45
942,淡,第4級,86,71
943,淨,第4級,92,185
944,產,第4級,760,746
945,眾,第4級,377,528
946,移,第4級,168,191
947,章,第4級,330,75
948,粗,第4級,75,37
949,細,第4級,407,293
950,聊,第4級,110,119
951,脫,第4級,173,105
952,術,第4級,510,300
953,規,第4級,299,215
954,訪,第4級,149,209
955,設,第4級,545,394
956,責,第4級,295,169
957,速,第4級,291,228
958,造,第4級,666,754
959,野,第4級,235,255
960,陰,第4級,132,41
961,陸,第4級,167,222
962,頂,第4級,170,117
963,傘,第4級,19,19
964,剩,第4級,76,106
965,博,第4級,187,353
966,善,第4級,284,356
967,喊,第4級,122,27
968,圍,第4級,231,172
969,富,第4級,268,248
970,寒,第4級,93,108
971,廁,第4級,24,37
972,復,第4級,241,189
973,悶,第4級,52,22
974,惱,第4級,63,45
975,散,第4級,223,127
976,普,第4級,239,146
977,暑,第4級,30,45
978,曾,第4級,495,367
979,替,第4級,148,83
980,棟,第4級,43,42
981,森,第4級,229,104
982,棵,第4級,45,98
983,椒,第4級,16,38
984,減,第4級,154,283
985,煮,第4級,57,145
986,牌,第4級,174,72
987,猴,第4級,52,25
988,童,第4級,212,166
989,策,第4級,260,129
990,絕,第4級,426,211
991,閒,第4級,89,51
992,雄,第4級,164,101
993,順,第4級,253,201
994,須,第4級,498,270
995,亂,第4級,262,146
996,嗯,第4級,50,242
997,搭,第4級,99,98
998,搶,第4級,72,62
999,暖,第4級,74,242
1000,源,第4級,238,482
1001,碰,第4級,129,122
1002,群／羣,第4級,324,268
1003,聖,第4級,197,143
1004,葉,第4級,175,302
1005,資,第4級,622,526
1006,躲／躱,第4級,69,45
1007,載,第4級,137,95
1008,遍,第4級,128,83
1009,達,第4級,642,522
1010,零,第4級,99,126
1011,預,第4級,251,238
1012,頓,第4級,255,60
1013,鼓,第4級,161,171
1014,鼠,第4級,80,43
1015,團,第4級,362,301
1016,夢,第4級,217,173
1017,察,第4級,297,207
1018,態,第4級,439,412
1019,摸,第4級,98,80
1020,漢,第4級,324,78
1021,漸,第4級,245,166
1022,疑,第4級,263,92
1023,禍,第4級,55,29
1024,腐,第4級,40,43
1025,蓋,第4級,200,199
1026,誤,第4級,197,63
1027,貌,第4級,83,54
1028,際,第4級,347,401
1029,颱,第4級,10,198
1030,厲,第4級,69,124
1031,增,第4級,256,221
1032,寬,第4級,108,68
1033,層,第4級,300,285
1034,廠,第4級,150,174
1035,廣,第4級,356,210
1036,德,第4級,702,331
1037,慶,第4級,148,79
1038,憐,第4級,73,24
1039,標,第4級,366,271
1040,歐,第4級,178,421
1041,漿,第4級,20,43
1042,熟,第4級,181,150
1043,獎,第4級,124,105
1044,確,第4級,573,305
1045,窮,第4級,103,106
1046,篇,第4級,155,42
1047,罵,第4級,95,65
1048,膚,第4級,68,49
1049,蝦,第4級,26,14
1050,衛,第4級,222,150
1051,誕,第4級,54,26
1052,調,第4級,445,365
1053,談,第4級,443,446
1054,質,第4級,492,518
1055,踏,第4級,85,89
1056,躺,第4級,66,23
1057,適,第4級,311,247
1058,鄰,第4級,69,83
1059,醉,第4級,58,13
1060,醋,第4級,12,13
1061,震,第4級,101,249
1062,靠,第4級,231,195
1063,養,第4級,356,522
1064,噢,第4級,56,13
1065,戰,第4級,731,465
1066,擔,第4級,308,316
1067,據,第4級,371,254
1068,曆,第4級,44,31
1069,橋,第4級,96,109
1070,橘,第4級,14,30
1071,歷,第4級,469,304
1072,激,第4級,261,124
1073,濃,第4級,104,94
1074,燙,第4級,18,34
1075,獨,第4級,313,191
1076,醒,第4級,196,127
1077,錶,第4級,23,9
1078,險,第4級,249,173
1079,靜,第4級,295,234
1080,嚇,第4級,103,70
1081,壓,第4級,299,303
1082,濕／溼,第4級,63,125
1083,環,第4級,308,872
1084,績,第4級,96,47
1085,聯,第4級,267,317
1086,薪,第4級,46,36
1087,講,第4級,370,1277
1088,賺,第4級,62,109
1089,購,第4級,108,62
1090,醜,第4級,38,18
1091,鍋,第4級,54,51
1092,顆,第4級,88,173
1093,斷,第4級,470,335
1094,翻,第4級,170,123
1095,職,第4級,251,117
1096,豐,第4級,151,157
1097,醬,第4級,35,51
1098,鎖,第4級,65,39
1099,雜,第4級,240,192
1100,鬆,第4級,155,137
1101,藝,第4級,287,217
1102,證,第4級,368,245
1103,鏡,第4級,122,99
1104,饅,第4級,5,10
1105,騙,第4級,60,36
1106,麗,第4級,249,241
1107,嚴,第4級,315,407
1108,繼,第4級,323,233
1109,警,第4級,227,164
1110,議,第4級,453,359
1111,齡,第4級,88,55
1112,續,第4級,408,464
1113,護,第4級,289,394
1114,響,第4級,400,454
1115,權,第4級,474,190
1116,髒,第4級,33,45
1117,驗,第4級,569,479
1118,驚,第4級,311,134
1119,鹽,第4級,52,91
1120,嘛,第4級,72,357
1121,億,第4級,82,131
1122,乙,第4*級,24,10
1123,丈,第4*級,134,31
1124,丸,第4*級,34,8
1125,川,第4*級,119,134
1126,互,第4*級,223,197
1127,井,第4*級,76,36
1128,仁,第4*級,117,87
1129,匹,第4*級,52,15
1130,升,第4*級,201,228
1131,孔,第4*級,111,66
1132,欠,第4*級,35,22
1133,丙,第4*級,9,2
1134,仗,第4*級,40,10
1135,令,第4*級,527,123
1136,冊,第4*級,62,17
1137,古,第4*級,368,300
1138,央,第4*級,113,61
1139,扔,第4*級,23,5
1140,犯,第4*級,177,60
1141,甲,第4*級,102,91
1142,吉,第4*級,219,79
1143,吐,第4*級,76,33
1144,守,第4*級,231,121
1145,尖,第4*級,97,36
1146,州,第4*級,303,113
1147,曲,第4*級,192,62
1148,江,第4*級,239,102
1149,羽,第4*級,74,13
1150,舌,第4*級,47,13
1151,伸,第4*級,144,53
1152,似,第4*級,454,157
1153,兵,第4*級,417,81
1154,即,第4*級,647,170
1155,吞,第4*級,53,21
1156,否,第4*級,339,95
1157,吸,第4*級,243,227
1158,吹,第4*級,94,85
1159,呆,第4*級,49,14
1160,壯,第4*級,90,53
1161,孝,第4*級,88,45
1162,尾,第4*級,120,54
1163,忍,第4*級,159,79
1164,志,第4*級,175,344
1165,扮,第4*級,77,49
1166,沖,第4*級,56,95
1167,狂,第4*級,121,23
1168,私,第4*級,150,53
1169,貝,第4*級,209,89
1170,佳,第4*級,168,92
1171,兔,第4*級,28,10
1172,刺,第4*級,177,74
1173,固,第4*級,162,117
1174,岸,第4*級,99,183
1175,抬／擡,第4*級,91,38
1176,拌,第4*級,12,31
1177,拔,第4*級,72,129
1178,昏,第4*級,68,22
1179,欣,第4*級,82,56
1180,武,第4*級,343,251
1181,炎,第4*級,73,50
1182,狀,第4*級,388,382
1183,俗,第4*級,108,68
1184,型,第4*級,346,284
1185,娃,第4*級,64,42
1186,宣,第4*級,165,108
1187,待,第4*級,384,283
1188,挖,第4*級,59,74
1189,既,第4*級,221,84
1190,砍,第4*級,53,52
1191,耐,第4*級,98,81
1192,若,第4*級,366,81
1193,負,第4*級,284,208
1194,唉,第4*級,28,15
1195,唐,第4*級,137,59
1196,宮,第4*級,258,42
1197,宵,第4*級,9,10
1198,庫,第4*級,104,123
1199,弱,第4*級,152,99
1200,恐,第4*級,234,190
1201,捉,第4*級,50,13
1202,桃,第4*級,57,50
1203,狼,第4*級,55,16
1204,粉,第4*級,86,145
1205,缺,第4*級,220,163
1206,財,第4*級,193,80
1207,逃,第4*級,171,67
1208,針,第4*級,124,117
1209,閃,第4*級,104,33
1210,鬼,第4*級,141,26
1211,偏,第4*級,139,106
1212,基,第4*級,581,531
1213,堅,第4*級,216,176
1214,娶,第4*級,37,19
1215,彩,第4*級,112,94
1216,採,第4*級,211,297
1217,敏,第4*級,117,67
1218,晨,第4*級,66,38
1219,盛,第4*級,134,106
1220,祥,第4*級,47,44
1221,竟,第4*級,315,156
1222,組,第4*級,434,347
1223,蛇,第4*級,60,21
1224,貪,第4*級,53,39
1225,途,第4*級,128,74
1226,陳,第4*級,235,206
1227,鹿,第4*級,52,23
1228,麥,第4*級,148,90
1229,勝,第4*級,205,76
1230,勞,第4*級,200,110
1231,壺,第4*級,24,57
1232,尊,第4*級,189,103
1233,悲,第4*級,159,90
1234,惡,第4*級,235,99
1235,晶,第4*級,60,26
1236,智,第4*級,327,183
1237,棋,第4*級,42,25
1238,植,第4*級,93,357
1239,款,第4*級,96,86
1240,港,第4*級,110,86
1241,湖,第4*級,122,134
1242,紫,第4*級,56,39
1243,絲,第4*級,284,115
1244,診,第4*級,85,116
1245,集,第4*級,359,325
1246,項,第4*級,314,160
1247,勢,第4*級,354,233
1248,填,第4*級,36,30
1249,嫁,第4*級,68,47
1250,幹,第4*級,176,129
1251,微,第4*級,316,225
1252,搖,第4*級,178,56
1253,敬,第4*級,145,72
1254,暗,第4*級,206,56
1255,煎,第4*級,20,21
1256,禁,第4*級,151,65
1257,罪,第4*級,198,41
1258,落,第4*級,433,365
1259,詩,第4*級,167,40
1260,誠,第4*級,131,78
1261,雷,第4*級,215,75
1262,嘆,第4*級,64,18
1263,嘗,第4*級,83,49
1264,敲,第4*級,60,26
1265,滾,第4*級,72,41
1266,漁,第4*級,38,49
1267,熊,第4*級,68,48
1268,瘋,第4*級,74,16
1269,福,第4*級,305,429
1270,稱,第4*級,450,218
1271,端,第4*級,173,111
1272,聚,第4*級,122,127
1273,與,第4*級,2252,841
1274,銅,第4*級,44,17
1275,齊,第4*級,147,75
1276,劇,第4*級,244,125
1277,廟,第4*級,66,41
1278,撞,第4*級,76,51
1279,敵,第4*級,180,41
1280,模,第4*級,308,217
1281,衝,第4*級,208,155
1282,賞,第4*級,136,71
1283,輪,第4*級,115,116
1284,縣,第4*級,166,131
1285,鴨,第4*級,29,23
1286,嚐,第4*級,17,22
1287,牆,第4*級,107,76
1288,膽,第4*級,88,34
1289,臨,第4*級,200,180
1290,謎,第4*級,25,7
1291,避,第4*級,191,123
1292,礎,第4*級,90,45
1293,織,第4*級,241,203
1294,鎮,第4*級,141,93
1295,勸,第4*級,65,19
1296,寶,第4*級,500,258
1297,露,第4*級,236,98
1298,彎,第4*級,69,47
1299,讚,第4*級,84,60
1300,吳,第4*級,147,98
1301,几,第5級,5,2
1302,亡,第5級,169,151
1303,凡,第5級,121,51
1304,弓,第5級,32,10
1305,予,第5級,109,51
1306,仇,第5級,54,15
1307,勿,第5級,17,9
1308,爪,第5級,19,8
1309,犬,第5級,38,21
1310,乏,第5級,105,54
1311,仙,第5級,100,34
1312,凸,第5級,15,15
1313,凹,第5級,13,14
1314,刊,第5級,79,24
1315,匆,第5級,47,10
1316,召,第5級,84,38
1317,叮,第5級,20,22
1318,孕,第5級,53,32
1319,尼,第5級,284,173
1320,巨,第5級,113,62
1321,幼,第5級,108,75
1322,旦,第5級,128,95
1323,瓦,第5級,115,79
1324,甘,第5級,92,101
1325,矛,第5級,46,12
1326,穴,第5級,40,10
1327,仰,第5級,95,55
1328,仲,第5級,39,12
1329,仿,第5級,49,24
1330,企,第5級,291,82
1331,伍,第5級,56,38
1332,伙,第5級,99,7
1333,兇,第5級,33,25
1334,划,第5級,14,9
1335,列,第5級,264,229
1336,匠,第5級,33,9
1337,宅,第5級,59,49
1338,宇,第5級,81,35
1339,寺,第5級,87,52
1340,托,第5級,110,41
1341,扣,第5級,40,23
1342,朱,第5級,159,16
1343,灰,第5級,81,53
1344,肌,第5級,102,35
1345,舟,第5級,19,15
1346,串,第5級,57,46
1347,估,第5級,90,76
1348,伴,第5級,128,138
1349,佔,第5級,77,48
1350,佛,第5級,239,232
1351,判,第5級,177,91
1352,刪,第5級,12,9
1353,吩,第5級,18,1
1354,含,第5級,136,143
1355,均,第5級,109,144
1356,夾,第5級,61,36
1357,妙,第5級,113,71
1358,妝／粧,第5級,25,16
1359,妨,第5級,40,9
1360,宋,第5級,93,34
1361,尿,第5級,88,64
1362,屁,第5級,43,21
1363,巫,第5級,24,5
1364,序,第5級,141,56
1365,戒,第5級,64,82
1366,扶,第5級,48,42
1367,批,第5級,159,78
1368,抄,第5級,26,15
1369,抖,第5級,47,9
1370,抗,第5級,193,222
1371,攻,第5級,222,130
1372,杜,第5級,93,30
1373,沈,第5級,41,27
1374,沉,第5級,189,85
1375,災,第5級,75,447
1376,牢,第5級,63,16
1377,皂,第5級,12,31
1378,秀,第5級,150,108
1379,良,第5級,222,139
1380,谷,第5級,94,52
1381,赤,第5級,57,35
1382,防,第5級,197,286
1383,佩,第5級,68,43
1384,供,第5級,291,217
1385,依,第5級,328,173
1386,刮,第5級,25,20
1387,券,第5級,23,8
1388,協,第5級,199,203
1389,卷,第5級,79,22
1390,咐,第5級,24,1
1391,坪,第5級,18,18
1392,奔,第5級,82,28
1393,委,第5級,150,75
1394,孟,第5級,55,38
1395,孤,第5級,105,55
1396,宗,第5級,279,190
1397,官,第5級,555,103
1398,宙,第5級,57,14
1399,尚,第5級,185,41
1400,屆,第5級,26,25
1401,岩,第5級,61,87
1402,延,第5級,137,117
1403,彼,第5級,150,58
1404,忠,第5級,143,30
1405,怖,第5級,40,85
1406,怡,第5級,13,67
1407,承,第5級,259,175
1408,抵,第5級,101,52
1409,抽,第5級,117,89
1410,拆,第5級,30,39
1411,拒,第5級,108,32
1412,拖,第5級,72,42
1413,斧,第5級,19,4
1414,昌,第5級,49,52
1415,昔,第5級,25,10
1416,松,第5級,136,43
1417,板,第5級,181,135
1418,氛,第5級,50,47
1419,沾,第5級,30,16
1420,沿,第5級,81,78
1421,波,第5級,282,232
1422,泥,第5級,73,104
1423,版,第5級,249,54
1424,牧,第5級,68,53
1425,盲,第5級,30,25
1426,肩,第5級,98,27
1427,肺,第5級,42,30
1428,臥,第5級,44,11
1429,芬,第5級,74,37
1430,芳,第5級,40,31
1431,芽,第5級,21,58
1432,返,第5級,66,37
1433,阻,第5級,97,68
1434,侵,第5級,65,83
1435,冠,第5級,54,40
1436,勉,第5級,40,22
1437,咳,第5級,19,12
1438,哀,第5級,67,20
1439,哎,第5級,21,42
1440,奏,第5級,113,23
1441,姻,第5級,81,25
1442,姿,第5級,79,26
1443,威,第5級,306,193
1444,帝,第5級,620,56
1445,幽,第5級,57,27
1446,怒,第5級,158,21
1447,怨,第5級,98,43
1448,恢,第5級,60,55
1449,恨,第5級,106,21
1450,恰,第5級,58,9
1451,扁,第5級,30,13
1452,括,第5級,188,191
1453,拼,第5級,32,61
1454,拾,第5級,46,26
1455,施,第5級,172,171
1456,映,第5級,69,44
1457,某,第5級,407,97
1458,柔,第5級,82,84
1459,柱,第5級,41,33
1460,柳,第5級,40,16
1461,炭,第5級,13,27
1462,炮,第5級,31,20
1463,玲,第5級,16,30
1464,珊,第5級,39,104
1465,皆,第5級,110,15
1466,皇,第5級,632,58
1467,盆,第5級,40,44
1468,盾,第5級,47,20
1469,胃,第5級,56,30
1470,胎,第5級,52,31
1471,胡,第5級,161,60
1472,致,第5級,323,145
1473,苗,第5級,44,141
1474,茄,第5級,18,82
1475,衫,第5級,30,4
1476,迫,第5級,127,68
1477,述,第5級,289,54
1478,郊,第5級,21,18
1479,降,第5級,185,277
1480,限,第5級,202,133
1481,革,第5級,153,83
1482,俱,第5級,54,22
1483,倆,第5級,81,32
1484,倉,第5級,58,24
1485,倍,第5級,81,106
1486,倦,第5級,27,6
1487,准,第5級,51,23
1488,凍,第5級,29,37
1489,哦,第5級,42,70
1490,哲,第5級,80,36
1491,哼,第5級,27,6
1492,埋,第5級,69,50
1493,宰,第5級,45,9
1494,宴,第5級,45,14
1495,射,第5級,175,128
1496,峰／峯,第5級,60,76
1497,席,第5級,106,70
1498,徐,第5級,70,41
1499,徑,第5級,74,43
1500,徒,第5級,105,59
1501,恩,第5級,201,229
1502,悄,第5級,65,12
1503,悔,第5級,47,79
1504,悟,第5級,72,47
1505,拳,第5級,44,17
1506,挨,第5級,31,12
1507,捐,第5級,31,77
1508,捕,第5級,77,52
1509,晒／曬,第5級,28,81
1510,朗,第5級,97,110
1511,核,第5級,119,184
1512,泰,第5級,117,147
1513,浩,第5級,30,23
1514,烈,第5級,192,103
1515,疲,第5級,62,20
1516,症,第5級,271,175
1517,益,第5級,167,105
1518,窄,第5級,25,13
1519,納,第5級,253,84
1520,純,第5級,111,90
1521,紛,第5級,105,86
1522,翁,第5級,38,14
1523,翅,第5級,33,15
1524,胸,第5級,92,21
1525,脈,第5級,78,89
1526,航,第5級,62,59
1527,託,第5級,60,56
1528,豹,第5級,13,7
1529,配,第5級,224,168
1530,骨,第5級,158,139
1531,鬥,第5級,131,50
1532,偶,第5級,115,68
1533,副,第5級,130,65
1534,唯,第5級,159,87
1535,圈,第5級,109,86
1536,域,第5級,171,167
1537,執,第5級,185,102
1538,培,第5級,104,136
1539,帳,第5級,58,46
1540,悠,第5級,33,25
1541,戚,第5級,40,23
1542,捨,第5級,49,63
1543,捲,第5級,47,45
1544,掃,第5級,70,87
1545,授,第5級,156,146
1546,探,第5級,217,112
1547,控,第5級,218,151
1548,掩,第5級,45,28
1549,斜,第5級,38,37
1550,梅,第5級,150,80
1551,梨,第5級,27,86
1552,梯,第5級,62,52
1553,欲,第5級,101,36
1554,毫,第5級,145,48
1555,液,第5級,71,69
1556,淋,第5級,39,22
1557,混,第5級,118,65
1558,淹,第5級,24,66
1559,添,第5級,41,51
1560,爽,第5級,32,25
1561,牽,第5級,74,51
1562,猛,第5級,86,19
1563,率,第5級,290,193
1564,略,第5級,235,67
1565,異,第5級,295,119
1566,痕,第5級,37,33
1567,祭,第5級,72,32
1568,符,第5級,91,50
1569,粒,第5級,39,57
1570,羞,第5級,59,13
1571,莉,第5級,203,45
1572,莊,第5級,112,65
1573,莫,第5級,210,64
1574,訝,第5級,61,28
1575,貧,第5級,63,146
1576,軟,第5級,134,86
1577,透,第5級,268,321
1578,逐,第5級,163,121
1579,逢,第5級,39,22
1580,閉,第5級,100,68
1581,陶,第5級,84,30
1582,陷,第5級,131,80
1583,雀,第5級,36,11
1584,割,第5級,60,99
1585,創,第5級,518,307
1586,喉,第5級,28,11
1587,喪,第5級,105,46
1588,喲,第5級,14,20
1589,婷,第5級,5,9
1590,媒,第5級,85,88
1591,尋,第5級,234,112
1592,幅,第5級,76,61
1593,愉,第5級,68,20
1594,掌,第5級,200,127
1595,描,第5級,141,45
1596,插,第5級,68,89
1597,揚,第5級,95,45
1598,握,第5級,157,108
1599,揮,第5級,169,93
1600,援,第5級,78,140
1601,斑,第5級,40,39
1602,朝,第5級,485,277
1603,棉,第5級,27,68
1604,棍,第5級,24,9
1605,欺,第5級,49,18
1606,殘,第5級,97,72
1607,渡,第5級,51,50
1608,測,第5級,220,228
1609,焦,第5級,121,59
1610,琴,第5級,111,48
1611,番,第5級,93,70
1612,痠,第5級,8,14
1613,登,第5級,170,102
1614,盜,第5級,47,20
1615,硬,第5級,116,94
1616,稅,第5級,57,32
1617,稍,第5級,97,109
1618,筋,第5級,45,36
1619,粥,第5級,10,12
1620,絡,第5級,72,53
1621,菇,第5級,11,43
1622,菸,第5級,52,25
1623,萄,第5級,29,58
1624,虛,第5級,137,34
1625,裁,第5級,67,65
1626,評,第5級,241,81
1627,貸,第5級,26,21
1628,貿,第5級,40,32
1629,賀,第5級,45,18
1630,趁,第5級,46,36
1631,跌,第5級,54,35
1632,距,第5級,104,113
1633,酥,第5級,17,8
1634,鈔,第5級,15,7
1635,隆,第5級,149,55
1636,階,第5級,215,101
1637,雅,第5級,117,138
1638,傲,第5級,50,27
1639,傻,第5級,50,31
1640,僅,第5級,231,137
1641,勤,第5級,67,49
1642,嗨,第5級,8,14
1643,塑,第5級,91,147
1644,塗,第5級,47,29
1645,塞,第5級,118,121
1646,嫌,第5級,42,24
1647,廉,第5級,44,22
1648,愁,第5級,42,13
1649,愈,第5級,225,40
1650,愚,第5級,42,10
1651,慌,第5級,58,25
1652,慎／愼,第5級,64,24
1653,損,第5級,91,83
1654,搜,第5級,62,33
1655,搞,第5級,94,58
1656,暈,第5級,26,9
1657,楊,第5級,218,76
1658,楣,第5級,11,8
1659,溜,第5級,43,17
1660,溝,第5級,125,95
1661,溪,第5級,63,118
1662,滅,第5級,107,61
1663,滑,第5級,87,57
1664,盟,第5級,62,154
1665,睜,第5級,35,11
1666,碌,第5級,26,30
1667,碎,第5級,75,56
1668,綁,第5級,43,36
1669,置,第5級,224,172
1670,署,第5級,33,64
1671,羨,第5級,17,14
1672,腫,第5級,42,33
1673,腰,第5級,81,44
1674,腸,第5級,69,43
1675,葡,第5級,29,59
1676,葷,第5級,3,11
1677,補,第5級,176,180
1678,詳,第5級,78,28
1679,誇,第5級,45,21
1680,賊,第5級,38,6
1681,跡,第5級,83,91
1682,跪,第5級,42,14
1683,逼,第5級,70,24
1684,違,第5級,54,30
1685,鉛,第5級,16,28
1686,隔,第5級,135,131
1687,飼,第5級,15,22
1688,飾,第5級,73,28
1689,僑,第5級,10,9
1690,劃,第5級,142,87
1691,墓,第5級,55,17
1692,寧,第5級,121,59
1693,幕,第5級,110,56
1694,幣,第5級,45,88
1695,摔,第5級,36,18
1696,旗,第5級,96,34
1697,榮,第5級,113,98
1698,構,第5級,304,152
1699,槍,第5級,101,35
1700,歉,第5級,43,38
1701,滴,第5級,59,87
1702,滷,第5級,7,4
1703,漫,第5級,90,60
1704,漲,第5級,35,52
1705,盡,第5級,315,215
1706,碟,第5級,14,5
1707,窩,第5級,44,18
1708,粽,第5級,5,8
1709,維,第5級,391,306
1710,綿,第5級,28,43
1711,罰,第5級,69,38
1712,膀,第5級,70,19
1713,蒸,第5級,27,50
1714,蜜,第5級,59,55
1715,製,第5級,266,277
1716,誌,第5級,79,77
1717,豪,第5級,87,46
1718,賓,第5級,69,106
1719,趙,第5級,113,17
1720,輔,第5級,79,53
1721,遙,第5級,47,44
1722,閣,第5級,68,13
1723,閩,第5級,11,7
1724,障,第5級,100,121
1725,鳳,第5級,64,90
1726,儀,第5級,106,84
1727,儉,第5級,14,16
1728,劉,第5級,243,123
1729,劍,第5級,74,14
1730,噴,第5級,40,118
1731,墨,第5級,64,34
1732,廢,第5級,78,141
1733,彈,第5級,158,123
1734,徵,第5級,138,76
1735,慕,第5級,45,20
1736,慧,第5級,166,148
1737,慮,第5級,185,75
1738,慰,第5級,65,42
1739,憂,第5級,144,55
1740,摩,第5級,124,79
1741,撈,第5級,17,17
1742,播,第5級,91,130
1743,暫,第5級,81,47
1744,暴,第5級,165,141
1745,潑,第5級,32,26
1746,潔,第5級,68,74
1747,潮,第5級,89,141
1748,皺,第5級,33,8
1749,稻,第5級,29,177
1750,箭,第5級,62,18
1751,糊,第5級,73,19
1752,緣,第5級,119,142
1753,編,第5級,202,83
1754,罷,第5級,73,15
1755,膠,第5級,58,154
1756,蓮,第5級,69,124
1757,蔬,第5級,22,161
1758,複,第5級,181,97
1759,諒,第5級,37,25
1760,賭,第5級,50,25
1761,趟,第5級,32,48
1762,踩,第5級,29,39
1763,輩,第5級,97,118
1764,遭,第5級,173,135
1765,遷,第5級,76,113
1766,鄭,第5級,101,35
1767,銷,第5級,208,129
1768,鋒,第5級,37,37
1769,閱,第5級,125,45
1770,餘,第5級,162,85
1771,駕,第5級,65,26
1772,駛,第5級,44,20
1773,儒,第5級,48,8
1774,儘,第5級,112,49
1775,墾,第5級,12,36
1776,壁,第5級,87,68
1777,奮,第5級,121,56
1778,導,第5級,527,391
1779,憑,第5級,61,24
1780,撿,第5級,28,69
1781,擁,第5級,197,112
1782,擇,第5級,210,170
1783,擋,第5級,45,42
1784,操,第5級,202,57
1785,曉,第5級,82,158
1786,樸,第5級,28,33
1787,橫,第5級,81,34
1788,燃,第5級,43,62
1789,燕,第5級,56,20
1790,磨,第5級,85,56
1791,積,第5級,205,293
1792,築,第5級,92,156
1793,膩,第5級,19,18
1794,融,第5級,94,129
1795,螞,第5級,12,15
1796,諧,第5級,27,15
1797,謀,第5級,148,21
1798,謂,第5級,191,215
1799,輸,第5級,100,81
1800,辨,第5級,59,30
1801,遲,第5級,78,35
1802,遵,第5級,51,20
1803,遺,第5級,174,130
1804,鋼,第5級,74,57
1805,錄,第5級,237,190
1806,錦,第5級,47,12
1807,雕,第5級,41,28
1808,默,第5級,165,109
1809,優,第5級,208,125
1810,勵,第5級,114,125
1811,嬰,第5級,97,62
1812,擊,第5級,317,214
1813,擠,第5級,68,49
1814,擦,第5級,62,64
1815,檔,第5級,62,18
1816,檢,第5級,161,150
1817,濟,第5級,252,783
1818,營,第5級,318,282
1819,獲,第5級,229,121
1820,療,第5級,297,242
1821,瞧,第5級,62,18
1822,瞪,第5級,35,4
1823,瞭,第5級,88,55
1824,糟,第5級,73,40
1825,縫,第5級,48,44
1826,縮,第5級,91,81
1827,縱,第5級,75,21
1828,繁,第5級,70,100
1829,臂,第5級,77,14
1830,薄,第5級,66,53
1831,虧,第5級,38,14
1832,謊,第5級,36,14
1833,謙,第5級,38,22
1834,邀,第5級,70,79
1835,鍊,第5級,27,20
1836,鍛,第5級,14,9
1837,餵,第5級,44,40
1838,擴,第5級,114,88
1839,擺,第5級,143,86
1840,擾,第5級,97,61
1841,歸,第5級,181,83
1842,獵,第5級,77,22
1843,糧,第5級,64,109
1844,繞,第5級,83,42
1845,藉,第5級,132,109
1846,藏,第5級,205,198
1847,蟲,第5級,66,265
1848,謹,第5級,50,22
1849,蹟,第5級,37,39
1850,闖,第5級,25,11
1851,鞭,第5級,28,17
1852,額,第5級,103,41
1853,鵝,第5級,23,12
1854,嚨,第5級,15,6
1855,寵,第5級,44,30
1856,懶,第5級,35,23
1857,懷,第5級,275,187
1858,爆,第5級,77,115
1859,獸,第5級,55,18
1860,穩,第5級,116,132
1861,穫,第5級,14,28
1862,簿,第5級,17,18
1863,繩,第5級,57,22
1864,繪,第5級,64,56
1865,繫,第5級,60,21
1866,羅,第5級,471,267
1867,蟻,第5級,13,24
1868,贈,第5級,28,25
1869,贊,第5級,52,24
1870,辭,第5級,77,21
1871,鬍,第5級,34,5
1872,爐,第5級,48,39
1873,礦,第5級,27,51
1874,競,第5級,127,52
1875,觸,第5級,151,168
1876,譯,第5級,120,19
1877,贏,第5級,71,43
1878,釋,第5級,254,125
1879,飄,第5級,56,32
1880,黨,第5級,180,133
1881,屬,第5級,277,195
1882,櫻,第5級,14,38
1883,爛,第5級,64,57
1884,蘭,第5級,303,406
1885,襪,第5級,24,16
1886,飆,第5級,8,15
1887,魔,第5級,82,26
1888,攤,第5級,40,41
1889,灘,第5級,30,35
1890,癮,第5級,24,6
1891,籠,第5級,47,31
1892,襯,第5級,28,6
1893,驕,第5級,31,24
1894,戀,第5級,76,22
1895,顯,第5級,429,204
1896,靈,第5級,319,151
1897,鷹,第5級,31,30
1898,鑰,第5級,31,7
1899,驢,第5級,17,9
1900,鑽,第5級,50,37
1901,乃,第6級,146,18
1902,乞,第6級,18,8
1903,丹,第6級,155,53
1904,允,第6級,87,12
1905,兮,第6級,22,8
1906,勻,第6級,8,17
1907,勾,第6級,34,21
1908,幻,第6級,81,17
1909,扎,第6級,46,27
1910,斗,第6級,37,31
1911,曰,第6級,121,8
1912,歹,第6級,10,6
1913,氏,第6級,203,37
1914,丘,第6級,62,22
1915,占,第6級,64,47
1916,叨,第6級,11,3
1917,奴,第6級,76,7
1918,斥,第6級,48,14
1919,甩,第6級,18,6
1920,亦,第6級,159,12
1921,伏,第6級,90,27
1922,伐,第6級,48,30
1923,兆,第6級,29,14
1924,刑,第6級,78,25
1925,劣,第6級,31,20
1926,后,第6級,175,11
1927,吏,第6級,34,1
1928,妄,第6級,29,9
1929,旨,第6級,61,10
1930,旬,第6級,12,14
1931,朽,第6級,13,4
1932,臣,第6級,220,14
1933,佈,第6級,48,32
1934,佑,第6級,13,15
1935,卵,第6級,22,23
1936,君,第6級,177,80
1937,吻,第6級,39,17
1938,吼,第6級,35,4
1939,吾,第6級,42,8
1940,呂,第6級,55,20
1941,呈,第6級,94,74
1942,妒,第6級,27,5
1943,妥,第6級,45,15
1944,宏,第6級,34,36
1945,尬,第6級,19,7
1946,巡,第6級,58,46
1947,廷,第6級,115,44
1948,役,第6級,59,11
1949,忌,第6級,58,16
1950,扯,第6級,42,19
1951,抉,第6級,12,3
1952,抑,第6級,68,28
1953,旱,第6級,15,98
1954,汰,第6級,10,8
1955,沐,第6級,8,4
1956,盯,第6級,44,12
1957,禿,第6級,14,8
1958,肖,第6級,15,8
1959,肝,第6級,43,55
1960,芒,第6級,27,22
1961,辰,第6級,24,8
1962,迅,第6級,58,28
1963,併,第6級,44,14
1964,侈,第6級,8,4
1965,卑,第6級,43,28
1966,卓,第6級,51,12
1967,坡,第6級,71,103
1968,坦,第6級,97,122
1969,奈,第6級,82,31
1970,奉,第6級,101,50
1971,妮,第6級,125,16
1972,屈,第6級,57,17
1973,披,第6級,35,24
1974,抹,第6級,36,19
1975,押,第6級,23,6
1976,拋,第6級,50,19
1977,拐,第6級,19,7
1978,拓,第6級,33,46
1979,旺,第6級,46,34
1980,枉,第6級,13,6
1981,析,第6級,138,76
1982,枚,第6級,18,8
1983,歧,第6級,27,20
1984,沫,第6級,15,10
1985,沮,第6級,36,8
1986,沸,第6級,13,8
1987,泛,第6級,58,19
1988,泣,第6級,31,4
1989,玫,第6級,20,10
1990,糾,第6級,35,14
1991,股,第6級,241,67
1992,肪,第6級,21,22
1993,芝,第6級,52,28
1994,芹,第6級,7,17
1995,采,第6級,49,26
1996,侮,第6級,14,2
1997,侯,第6級,70,8
1998,促,第6級,92,42
1999,俊,第6級,41,21
2000,削,第6級,32,27
2001,勁,第6級,68,20
2002,叛,第6級,55,12
2003,咦,第6級,8,27
2004,咪,第6級,37,80
2005,咱,第6級,53,17
2006,哄,第6級,16,4
2007,垂,第6級,65,30
2008,契,第6級,52,46
2009,屍,第6級,58,13
2010,彥,第6級,13,28
2011,怠,第6級,12,4
2012,恆,第6級,40,41
2013,恍,第6級,19,3
2014,昭,第6級,50,15
2015,枯,第6級,28,29
2016,柄,第6級,15,5
2017,柚,第6級,3,37
2018,歪,第6級,25,8
2019,洛,第6級,180,50
2020,津,第6級,57,13
2021,洪,第6級,67,94
2022,洽,第6級,17,6
2023,牲,第6級,47,37
2024,狠,第6級,48,8
2025,玻,第6級,45,35
2026,畏,第6級,36,11
2027,疫,第6級,31,87
2028,盼,第6級,31,22
2029,砂,第6級,14,29
2030,祈,第6級,36,47
2031,竿,第6級,16,9
2032,耍,第6級,29,13
2033,胞,第6級,106,95
2034,茂,第6級,29,21
2035,范,第6級,36,5
2036,虐,第6級,30,14
2037,衍,第6級,40,22
2038,赴,第6級,40,11
2039,趴,第6級,14,16
2040,軌,第6級,34,41
2041,陌,第6級,41,18
2042,倚,第6級,22,5
2043,倡,第6級,23,18
2044,倫,第6級,203,61
2045,兼,第6級,79,33
2046,冤,第6級,24,6
2047,凌,第6級,42,25
2048,剔,第6級,13,4
2049,剝,第6級,35,33
2050,埔,第6級,19,57
2051,娛,第6級,26,11
2052,峽,第6級,19,44
2053,悅,第6級,75,35
2054,挫,第6級,63,38
2055,振,第6級,72,42
2056,挺,第6級,59,34
2057,挽,第6級,21,14
2058,晃,第6級,54,27
2059,柴,第6級,67,41
2060,株,第6級,20,40
2061,栽,第6級,24,98
2062,框,第6級,27,20
2063,梳,第6級,24,4
2064,殊,第6級,87,89
2065,氧,第6級,42,155
2066,浮,第6級,80,61
2067,浸,第6級,25,15
2068,涉,第6級,76,31
2069,涕,第6級,11,3
2070,狹,第6級,30,13
2071,疾,第6級,116,92
2072,眠,第6級,82,55
2073,矩,第6級,30,11
2074,祕,第6級,85,40
2075,秘,第6級,86,54
2076,秦,第6級,111,8
2077,秩,第6級,23,13
2078,紋,第6級,39,28
2079,索,第6級,210,111
2080,耕,第6級,40,196
2081,耗,第6級,44,58
2082,耽,第6級,11,6
2083,脂,第6級,40,55
2084,脅,第6級,53,68
2085,脆,第6級,51,53
2086,茫,第6級,29,16
2087,荒,第6級,78,69
2088,衰,第6級,48,28
2089,衷,第6級,26,14
2090,訊,第6級,274,120
2091,貢,第6級,65,44
2092,躬,第6級,18,5
2093,辱,第6級,42,6
2094,迴,第6級,63,37
2095,逆,第6級,54,33
2096,釘,第6級,27,20
2097,飢／饑,第6級,31,28
2098,側,第6級,95,35
2099,偵,第6級,31,15
2100,勒,第6級,193,103
2101,售,第6級,92,50
2102,啞,第6級,21,7
2103,啟／啓,第6級,125,111
2104,堵,第6級,17,12
2105,奢,第6級,19,8
2106,寂,第6級,55,20
2107,崇,第6級,89,25
2108,崩,第6級,39,51
2109,庸,第6級,78,6
2110,悉,第6級,74,40
2111,患,第6級,189,148
2112,惋,第6級,5,2
2113,惕,第6級,7,6
2114,捧,第6級,28,7
2115,掀,第6級,19,10
2116,掏,第6級,23,13
2117,掘,第6級,29,18
2118,掙,第6級,37,20
2119,措,第6級,54,45
2120,旋,第6級,74,44
2121,晝,第6級,11,4
2122,曹,第6級,183,17
2123,桶,第6級,36,71
2124,梁,第6級,58,36
2125,械,第6級,36,24
2126,欸,第6級,3,11
2127,涵,第6級,47,38
2128,淑,第6級,14,31
2129,淘,第6級,15,13
2130,淪,第6級,17,10
2131,烽,第6級,3,8
2132,瓷,第6級,22,17
2133,疏,第6級,57,47
2134,笛,第6級,21,4
2135,紮,第6級,28,16
2136,脖,第6級,33,6
2137,脣／唇,第6級,38,16
2138,荷,第6級,106,88
2139,蚵,第6級,4,4
2140,蛀,第6級,4,6
2141,袍,第6級,25,5
2142,袖,第6級,63,41
2143,販,第6級,33,27
2144,貫,第6級,56,18
2145,逍,第6級,11,1
2146,逗,第6級,21,7
2147,逝,第6級,46,12
2148,郭,第6級,63,35
2149,釣,第6級,31,18
2150,陵,第6級,55,32
2151,傍,第6級,22,11
2152,凱,第6級,128,62
2153,啼,第6級,15,3
2154,喘,第6級,38,17
2155,喚,第6級,52,17
2156,喻,第6級,34,14
2157,堡,第6級,53,31
2158,堪,第6級,60,22
2159,奠,第6級,17,6
2160,婿,第6級,19,3
2161,廂,第6級,23,9
2162,廊,第6級,40,30
2163,循,第6級,68,63
2164,惑,第6級,68,27
2165,惠,第6級,55,118
2166,惰,第6級,9,9
2167,惶,第6級,18,6
2168,慨,第6級,28,9
2169,揀,第6級,7,1
2170,揉,第6級,22,11
2171,揭,第6級,37,22
2172,斯,第6級,1044,529
2173,晰,第6級,24,5
2174,棕,第6級,16,8
2175,殖,第6級,42,66
2176,殼,第6級,29,45
2177,毯,第6級,21,24
2178,渾,第6級,39,6
2179,湊,第6級,29,11
2180,湧,第6級,42,26
2181,滋,第6級,57,58
2182,焰,第6級,12,4
2183,猶,第6級,115,38
2184,甥,第6級,8,3
2185,痘,第6級,8,4
2186,痣,第6級,2,1
2187,睏,第6級,3,2
2188,硯,第6級,5,5
2189,稀,第6級,43,37
2190,筒,第6級,32,35
2191,翔,第6級,41,24
2192,肅,第6級,59,50
2193,脹,第6級,32,17
2194,脾,第6級,47,27
2195,腔,第6級,34,16
2196,菌,第6級,58,104
2197,菠,第6級,3,8
2198,蛙,第6級,25,34
2199,裂,第6級,75,66
2200,註,第6級,201,10
2201,詐,第6級,21,3
2202,貶,第6級,21,7
2203,辜,第6級,19,15
2204,逮,第6級,30,11
2205,雁,第6級,12,3
2206,雇,第6級,27,14
2207,飩,第6級,2,0
2208,催,第6級,37,21
2209,債,第6級,33,72
2210,傾,第6級,118,37
2211,募,第6級,17,31
2212,匯,第6級,29,24
2213,嗓,第6級,18,4
2214,嗜,第6級,16,4
2215,嗦,第6級,5,3
2216,塌,第6級,16,34
2217,塔,第6級,170,122
2218,奧,第6級,139,59
2219,媳,第6級,36,24
2220,嫂,第6級,23,8
2221,嫉,第6級,24,2
2222,廈,第6級,16,8
2223,彙,第6級,25,5
2224,惹,第6級,38,8
2225,愧,第6級,27,14
2226,慈,第6級,114,565
2227,搏,第6級,15,7
2228,楓,第6級,6,10
2229,楷,第6級,6,6
2230,歇,第6級,50,10
2231,殿,第6級,64,14
2232,毀,第6級,71,61
2233,溶,第6級,12,43
2234,煞,第6級,18,12
2235,煤,第6級,16,20
2236,痴／癡,第6級,31,17
2237,督,第6級,103,35
2238,碑,第6級,36,13
2239,稚,第6級,26,18
2240,粵,第6級,9,2
2241,罩,第6級,30,29
2242,聘,第6級,27,10
2243,腹,第6級,66,26
2244,萱,第6級,3,11
2245,董,第6級,81,31
2246,葬,第6級,48,17
2247,蒂,第6級,120,31
2248,蜀,第6級,34,1
2249,蜂,第6級,34,41
2250,裔,第6級,21,15
2251,裕,第6級,42,18
2252,詢,第6級,63,14
2253,賂,第6級,6,2
2254,賄,第6級,11,3
2255,跤,第6級,6,2
2256,跨,第6級,60,47
2257,酬,第6級,27,10
2258,鈴,第6級,50,57
2259,鉢／缽,第6級,5,3
2260,靴,第6級,15,2
2261,頌,第6級,18,5
2262,頑,第6級,21,7
2263,頒,第6級,24,12
2264,鳩,第6級,8,6
2265,僕,第6級,39,5
2266,僱,第6級,9,4
2267,嗽,第6級,10,9
2268,塵,第6級,49,37
2269,墊,第6級,30,15
2270,壽,第6級,68,53
2271,夥,第6級,66,37
2272,奪,第6級,88,30
2273,嫩,第6級,22,35
2274,寞,第6級,28,7
2275,寡,第6級,37,8
2276,寢,第6級,21,6
2277,弊,第6級,17,7
2278,徹,第6級,82,27
2279,慘,第6級,69,56
2280,慚,第6級,11,5
2281,截,第6級,44,40
2282,摘,第6級,36,45
2283,撤,第6級,44,35
2284,暢,第6級,48,17
2285,榜,第6級,29,19
2286,滯,第6級,19,12
2287,滲,第6級,14,20
2288,漆,第6級,30,18
2289,漏,第6級,36,33
2290,漠,第6級,38,56
2291,澈,第6級,9,9
2292,獄,第6級,77,41
2293,瑰,第6級,21,11
2294,監,第6級,130,79
2295,碧,第6級,36,16
2296,碩,第6級,29,15
2297,碳,第6級,16,187
2298,綜,第6級,33,20
2299,緒,第6級,255,69
2300,翠,第6級,36,20
2301,膏,第6級,21,17
2302,蒙,第6級,155,55
2303,蒜,第6級,13,15
2304,蓄,第6級,27,20
2305,蓓,第6級,16,2
2306,裳,第6級,11,2
2307,裹,第6級,25,8
2308,誓,第6級,36,16
2309,誘,第6級,51,25
2310,誦,第6級,21,14
2311,遛,第6級,1,2
2312,遞,第6級,60,30
2313,遣,第6級,39,15
2314,酷,第6級,47,32
2315,銘,第6級,19,46
2316,閥,第6級,19,5
2317,頗,第6級,73,8
2318,魂,第6級,74,16
2319,鳴,第6級,50,18
2320,嘮,第6級,6,2
2321,噁,第6級,9,7
2322,墳,第6級,22,9
2323,審,第6級,85,20
2324,履,第6級,19,12
2325,幟,第6級,8,4
2326,憤,第6級,84,12
2327,摯,第6級,11,4
2328,撐,第6級,48,49
2329,撒,第6級,55,54
2330,撓,第6級,8,3
2331,撕,第6級,21,18
2332,撥,第6級,39,22
2333,撫,第6級,70,20
2334,撲,第6級,46,23
2335,敷,第6級,14,9
2336,樁,第6級,24,5
2337,毅,第6級,32,32
2338,潛,第6級,102,61
2339,潰,第6級,34,12
2340,澆,第6級,11,34
2341,熬,第6級,26,22
2342,璃,第6級,45,35
2343,瞎,第6級,19,3
2344,磅,第6級,9,3
2345,範,第6級,158,146
2346,篆,第6級,6,1
2347,締,第6級,11,7
2348,緩,第6級,116,80
2349,緻,第6級,27,22
2350,蓬,第6級,20,17
2351,蔔,第6級,15,65
2352,蔣,第6級,72,19
2353,蔥,第6級,21,23
2354,褒,第6級,7,2
2355,誼,第6級,31,26
2356,賠,第6級,22,13
2357,賢,第6級,60,34
2358,賤,第6級,19,3
2359,賦,第6級,47,14
2360,踐,第6級,52,32
2361,輝,第6級,43,37
2362,遮,第6級,34,32
2363,銳,第6級,43,12
2364,霉,第6級,6,5
2365,颳,第6級,6,3
2366,駐,第6級,56,33
2367,駝,第6級,17,10
2368,魄,第6級,16,4
2369,魅,第6級,26,8
2370,魯,第6級,160,51
2371,魷,第6級,4,2
2372,鴉,第6級,31,13
2373,黎,第6級,65,47
2374,凝,第6級,49,44
2375,劑,第6級,67,121
2376,噪,第6級,16,21
2377,壇,第6級,36,10
2378,憲,第6級,36,22
2379,憶,第6級,190,102
2380,憾,第6級,32,18
2381,懈,第6級,14,7
2382,懊,第6級,10,4
2383,擂,第6級,5,1
2384,擅,第6級,33,10
2385,澤,第6級,83,37
2386,濁,第6級,10,18
2387,盧,第6級,39,35
2388,瞞,第6級,20,5
2389,磚,第6級,25,47
2390,禦,第6級,19,10
2391,糗,第6級,2,6
2392,縛,第6級,15,6
2393,膨,第6級,15,15
2394,艘,第6級,27,15
2395,艙,第6級,16,4
2396,蕩,第6級,43,17
2397,衡,第6級,103,74
2398,諷,第6級,35,6
2399,諾,第6級,163,72
2400,豫,第6級,33,11
2401,賴,第6級,127,110
2402,踴,第6級,2,4
2403,輯,第6級,80,37
2404,頸,第6級,39,22
2405,頻,第6級,57,58
2406,餛,第6級,2,0
2407,餡,第6級,9,5
2408,龜,第6級,39,81
2409,償,第6級,27,11
2410,儲,第6級,59,46
2411,尷,第6級,19,7
2412,嶼,第6級,11,48
2413,懇,第6級,24,5
2414,擬,第6級,56,34
2415,擱,第6級,20,10
2416,濫,第6級,23,21
2417,燥,第6級,22,31
2418,燦,第6級,17,10
2419,燭,第6級,23,12
2420,癌,第6級,65,98
2421,盪,第6級,33,34
2422,禪,第6級,68,8
2423,糙,第6級,11,16
2424,艱,第6級,39,42
2425,薑,第6級,16,20
2426,薯,第6級,20,35
2427,謠,第6級,20,12
2428,趨,第6級,52,39
2429,蹈,第6級,26,30
2430,邁,第6級,43,34
2431,鍵,第6級,108,63
2432,闊,第6級,46,21
2433,隱,第6級,149,47
2434,隸,第6級,33,5
2435,霜,第6級,18,30
2436,鞠,第6級,11,6
2437,韓,第6級,77,134
2438,黏,第6級,36,61
2439,嚮,第6級,14,12
2440,嬸,第6級,8,5
2441,檬,第6級,7,13
2442,檸,第6級,7,13
2443,濾,第6級,11,31
2444,瀑,第6級,9,5
2445,蟬,第6級,9,8
2446,覆,第6級,94,56
2447,蹤／踪,第6級,66,40
2448,雛,第6級,7,5
2449,攀,第6級,32,24
2450,曝,第6級,9,11
2451,礙,第6級,102,63
2452,繳,第6級,18,20
2453,臘,第6級,39,41
2454,譜,第6級,41,23
2455,蹲,第6級,24,14
2456,轎,第6級,30,4
2457,霧,第6級,55,67
2458,韻,第6級,18,14
2459,顛,第6級,29,14
2460,鵲,第6級,10,25
2461,龐,第6級,56,33
2462,懸,第6級,41,21
2463,攔,第6級,19,15
2464,獻,第6級,138,84
2465,癢,第6級,19,12
2466,籍,第6級,74,45
2467,耀,第6級,44,16
2468,蘇,第6級,173,119
2469,譬,第6級,33,112
2470,躁,第6級,37,13
2471,饒,第6級,21,8
2472,騰,第6級,53,27
2473,騷,第6級,27,4
2474,懼,第6級,107,28
2475,攝,第6級,93,136
2476,欄,第6級,38,13
2477,灌,第6級,35,69
2478,犧,第6級,34,25
2479,蠟,第6級,21,18
2480,蠢,第6級,35,6
2481,譽,第6級,44,18
2482,躍,第6級,57,25
2483,轟,第6級,38,16
2484,辯,第6級,59,12
2485,驅,第6級,52,27
2486,囉,第6級,28,153
2487,灑,第6級,31,58
2488,疊,第6級,36,26
2489,聾,第6級,11,3
2490,臟,第6級,76,52
2491,襲,第6級,59,65
2492,顫,第6級,35,4
2493,攪,第6級,17,27
2494,竊,第6級,29,12
2495,蘿,第6級,44,69
2496,釀,第6級,17,9
2497,籬,第6級,13,8
2498,蠻,第6級,33,151
2499,豔／艷,第6級,32,25
2500,鬱,第6級,89,21
2501,刃,第7級,10,3
2502,丐,第7級,15,5
2503,丑,第7級,9,5
2504,凶,第7級,40,5
2505,叩,第7級,12,6
2506,叭,第7級,12,7
2507,囚,第7級,25,5
2508,弘,第7級,24,10
2509,扒,第7級,7,2
2510,氾,第7級,5,8
2511,玄,第7級,58,82
2512,皿,第7級,4,4
2513,矢,第7級,8,2
2514,乒,第7級,3,2
2515,乓,第7級,3,2
2516,吊,第7級,33,26
2517,奸,第7級,27,1
2518,帆,第7級,15,16
2519,弛,第7級,9,1
2520,扛,第7級,15,15
2521,伶,第7級,13,8
2522,伺,第7級,13,2
2523,佐,第7級,46,7
2524,兌,第7級,8,6
2525,刨,第7級,6,3
2526,劫,第7級,30,20
2527,吝,第7級,8,5
2528,吟,第7級,29,5
2529,坊,第7級,26,17
2530,坎,第7級,26,16
2531,坑,第7級,26,22
2532,妓,第7級,19,5
2533,妖,第7級,36,2
2534,岔,第7級,8,4
2535,庇,第7級,12,14
2536,彷,第7級,92,23
2537,扭,第7級,58,20
2538,抒,第7級,9,5
2539,杏,第7級,19,17
2540,杖,第7級,19,7
2541,汪,第7級,40,8
2542,汲,第7級,14,11
2543,沃,第7級,28,15
2544,沛,第7級,20,18
2545,灸,第7級,5,3
2546,灼,第7級,10,2
2547,罕,第7級,34,25
2548,芋,第7級,12,26
2549,迄,第7級,10,2
2550,邦,第7級,76,37
2551,邪,第7級,46,9
2552,阱,第7級,16,8
2553,侍,第7級,64,5
2554,函,第7級,20,6
2555,卒,第7級,30,3
2556,卦,第7級,18,8
2557,卸,第7級,15,7
2558,呵,第7級,38,16
2559,呻,第7級,10,1
2560,咀,第7級,7,4
2561,咎,第7級,11,3
2562,咒,第7級,26,4
2563,咕,第7級,23,12
2564,坤,第7級,12,22
2565,坷,第7級,3,4
2566,姆,第7級,136,21
2567,帕,第7級,70,18
2568,帖,第7級,16,8
2569,弦,第7級,35,4
2570,弧,第7級,7,6
2571,彿,第7級,90,23
2572,征,第7級,61,10
2573,忿,第7級,12,2
2574,怯,第7級,16,2
2575,拘,第7級,23,9
2576,拙,第7級,16,2
2577,昂,第7級,40,18
2578,昆,第7級,30,41
2579,氓,第7級,7,2
2580,沼,第7級,10,11
2581,泊,第7級,16,34
2582,狐,第7級,51,2
2583,疙,第7級,3,2
2584,疚,第7級,14,5
2585,祀,第7級,17,6
2586,秉,第7級,13,9
2587,肢,第7級,33,37
2588,芭,第7級,36,40
2589,亭,第7級,29,25
2590,侶,第7級,27,14
2591,侷,第7級,8,5
2592,俄,第7級,63,101
2593,俐,第7級,11,15
2594,俘,第7級,18,2
2595,俠,第7級,58,6
2596,剎,第7級,17,9
2597,勃,第7級,50,13
2598,咽,第7級,15,3
2599,垢,第7級,7,7
2600,奕,第7級,20,6
2601,姦,第7級,10,1
2602,姪,第7級,13,3
2603,屎,第7級,14,2
2604,屏,第7級,29,35
2605,徊,第7級,7,4
2606,恤,第7級,9,3
2607,拭,第7級,9,7
2608,拯,第7級,16,22
2609,拱,第7級,37,7
2610,昧,第7級,18,8
2611,柏,第7級,156,40
2612,柵,第7級,8,7
2613,殃,第7級,5,3
2614,洩,第7級,35,26
2615,洶,第7級,12,7
2616,炫,第7級,12,9
2617,狡,第7級,12,1
2618,疤,第7級,13,8
2619,盈,第7級,34,13
2620,缸,第7級,23,10
2621,耶,第7級,130,251
2622,苔,第7級,8,9
2623,苛,第7級,14,7
2624,茁,第7級,5,8
2625,茉,第7級,9,8
2626,虹,第7級,17,7
2627,貞,第7級,34,12
2628,迪,第7級,134,44
2629,陋,第7級,18,10
2630,俯,第7級,21,5
2631,倖,第7級,19,5
2632,冥,第7級,19,7
2633,凋,第7級,6,13
2634,剖,第7級,17,19
2635,匪,第7級,24,4
2636,哩,第7級,48,14
2637,哺,第7級,17,9
2638,唆,第7級,5,2
2639,埃,第7級,49,163
2640,娟,第7級,5,16
2641,屑,第7級,17,16
2642,峭,第7級,9,6
2643,恕,第7級,19,3
2644,恥,第7級,29,4
2645,挪,第7級,17,12
2646,挾,第7級,10,5
2647,捆,第7級,11,3
2648,捏,第7級,25,17
2649,栗,第7級,9,57
2650,桑,第7級,60,20
2651,殷,第7級,24,7
2652,烊,第7級,2,2
2653,烘,第7級,11,27
2654,狸,第7級,18,2
2655,狽,第7級,7,2
2656,畔,第7級,13,13
2657,畜,第7級,17,21
2658,疹,第7級,12,3
2659,眨,第7級,22,2
2660,砥,第7級,3,1
2661,砲,第7級,22,17
2662,砸,第7級,16,7
2663,祟,第7級,8,3
2664,秤,第7級,6,12
2665,紊,第7級,7,2
2666,紐,第7級,84,43
2667,紓,第7級,10,22
2668,紗,第7級,19,18
2669,紡,第7級,14,13
2670,耘,第7級,5,22
2671,脊,第7級,26,21
2672,荊,第7級,29,5
2673,荔,第7級,9,3
2674,虔,第7級,14,19
2675,蚤,第7級,4,9
2676,訕,第7級,4,1
2677,豈,第7級,44,4
2678,酌,第7級,9,2
2679,陡,第7級,14,9
2680,偽,第7級,41,7
2681,兜,第7級,13,6
2682,凰,第7級,13,4
2683,勘,第7級,10,14
2684,匿,第7級,13,4
2685,啄,第7級,9,6
2686,婉,第7級,18,5
2687,屜,第7級,14,8
2688,屠,第7級,25,13
2689,崖,第7級,23,11
2690,崗,第7級,19,15
2691,巢,第7級,23,23
2692,彬,第7級,11,2
2693,徘,第7級,7,4
2694,恿,第7級,5,1
2695,悴,第7級,5,2
2696,悼,第7級,10,6
2697,惚,第7級,8,1
2698,掠,第7級,21,6
2699,敘,第7級,71,252
2700,敝,第7級,6,1
2701,斬,第7級,37,7
2702,桿,第7級,29,16
2703,梭,第7級,19,21
2704,涮,第7級,2,1
2705,涯,第7級,39,15
2706,淆,第7級,10,3
2707,淇,第7級,10,8
2708,淒,第7級,14,3
2709,淤,第7級,3,10
2710,淫,第7級,18,4
2711,淵,第7級,39,15
2712,烹,第7級,12,20
2713,猖,第7級,3,3
2714,疵,第7級,7,3
2715,痊,第7級,18,3
2716,痔,第7級,7,1
2717,眷,第7級,13,11
2718,眺,第7級,8,1
2719,窒,第7級,7,2
2720,紳,第7級,16,2
2721,絆,第7級,11,3
2722,聆,第7級,24,6
2723,舵,第7級,7,2
2724,莖,第7級,11,20
2725,莽,第7級,21,2
2726,覓,第7級,15,11
2727,訟,第7級,10,1
2728,訣,第7級,23,14
2729,豚,第7級,5,41
2730,赦,第7級,11,2
2731,趾,第7級,28,8
2732,逞,第7級,8,3
2733,酗,第7級,13,2
2734,傀,第7級,3,1
2735,傅,第7級,89,28
2736,傑,第7級,179,27
2737,傢,第7級,53,9
2738,唾,第7級,8,4
2739,喇,第7級,25,7
2740,喧,第7級,14,4
2741,喬,第7級,144,15
2742,堤,第7級,20,29
2743,媚,第7級,11,4
2744,徨,第7級,5,3
2745,揣,第7級,11,4
2746,敞,第7級,18,5
2747,敦,第7級,58,39
2748,棗,第7級,13,21
2749,棘,第7級,13,7
2750,棚,第7級,18,37
2751,棲,第7級,13,43
2752,棺,第7級,19,4
2753,渠,第7級,12,13
2754,渣,第7級,7,28
2755,渲,第7級,4,2
2756,湃,第7級,4,2
2757,溉,第7級,5,29
2758,焚,第7級,17,18
2759,琢,第7級,8,4
2760,甦,第7級,10,11
2761,窘,第7級,13,7
2762,筍,第7級,16,58
2763,絞,第7級,16,4
2764,絮,第7級,5,2
2765,腎,第7級,35,22
2766,腕,第7級,19,6
2767,菊,第7級,20,18
2768,菲,第7級,93,59
2769,萌,第7級,11,14
2770,萍,第7級,8,8
2771,萎,第7級,13,18
2772,蛛,第7級,17,11
2773,袱,第7級,9,3
2774,跛,第7級,7,2
2775,軸,第7級,21,15
2776,逸,第7級,34,17
2777,鈍,第7級,9,3
2778,鈕,第7級,15,4
2779,鈣,第7級,5,24
2780,韌,第7級,13,12
2781,飪,第7級,4,5
2782,傭／佣,第7級,19,6
2783,嗅,第7級,17,8
2784,嗆,第7級,5,4
2785,嗇,第7級,4,3
2786,嗚,第7級,31,2
2787,塘,第7級,21,10
2788,徬,第7級,5,3
2789,搓,第7級,14,18
2790,搗,第7級,14,6
2791,斟,第7級,8,2
2792,暇,第7級,13,7
2793,溢,第7級,19,11
2794,溯,第7級,16,19
2795,溺,第7級,15,6
2796,滔,第7級,17,4
2797,煌,第7級,15,24
2798,煥,第7級,15,9
2799,猾,第7級,8,1
2800,猿,第7級,6,1
2801,瑕,第7級,9,3
2802,瑞,第7級,203,111
2803,畸,第7級,6,3
2804,痰,第7級,9,2
2805,盞,第7級,13,4
2806,睦,第7級,9,3
2807,睫,第7級,5,2
2808,睹,第7級,21,9
2809,祿,第7級,36,13
2810,禽,第7級,13,20
2811,稠,第7級,6,10
2812,窟,第7級,11,31
2813,肆,第7級,20,13
2814,腥,第7級,10,10
2815,艇,第7級,17,7
2816,葛,第7級,140,17
2817,虜,第7級,10,2
2818,詭,第7級,26,3
2819,賃,第7級,2,1
2820,逾,第7級,8,2
2821,鉅,第7級,16,6
2822,馳,第7級,22,8
2823,馴,第7級,13,3
2824,僥,第7級,5,2
2825,凳,第7級,15,4
2826,嘉,第7級,81,77
2827,嘍,第7級,5,1
2828,嘔,第7級,15,4
2829,墅,第7級,11,3
2830,寨,第7級,40,44
2831,屢,第7級,22,6
2832,嶄,第7級,12,7
2833,廓,第7級,10,4
2834,彰,第7級,32,32
2835,慷,第7級,13,6
2836,摟,第7級,9,1
2837,摧,第7級,17,15
2838,摺,第7級,26,15
2839,撇,第7級,9,8
2840,榷,第7級,2,1
2841,漓,第7級,7,2
2842,熄,第7級,13,8
2843,爾,第7級,794,300
2844,瑣,第7級,14,4
2845,甄,第7級,14,1
2846,瘓,第7級,6,8
2847,瞄,第7級,18,5
2848,磁,第7級,27,20
2849,竭,第7級,30,12
2850,箏,第7級,11,3
2851,粹,第7級,31,13
2852,綱,第7級,29,8
2853,綴,第7級,7,3
2854,綵,第7級,2,1
2855,綻,第7級,12,5
2856,綽,第7級,11,4
2857,膊,第7級,5,1
2858,舔,第7級,10,1
2859,蒼,第7級,47,18
2860,蜘,第7級,13,9
2861,蝕,第7級,11,25
2862,裸,第7級,19,8
2863,誣,第7級,8,1
2864,誨,第7級,8,4
2865,輒,第7級,8,3
2866,遜,第7級,46,22
2867,鄙,第7級,15,1
2868,酵,第7級,16,56
2869,銜,第7級,22,7
2870,隙,第7級,14,14
2871,雌,第7級,12,16
2872,餌,第7級,9,4
2873,駁,第7級,26,7
2874,髦,第7級,8,3
2875,魁,第7級,13,5
2876,僵,第7級,35,13
2877,僻,第7級,12,9
2878,劈,第7級,17,3
2879,嘩,第7級,15,2
2880,嘯,第7級,12,69
2881,嘲,第7級,30,4
2882,嘻,第7級,17,7
2883,嘿,第7級,17,12
2884,噓,第7級,12,6
2885,墜,第7級,22,6
2886,墟,第7級,7,8
2887,墮,第7級,16,2
2888,嬉,第7級,11,4
2889,嬌,第7級,22,18
2890,慫,第7級,5,1
2891,慾,第7級,49,13
2892,憔,第7級,5,2
2893,憧,第7級,4,4
2894,憬,第7級,5,4
2895,撩,第7級,7,3
2896,撰,第7級,34,14
2897,暮,第7級,12,3
2898,槳,第7級,6,2
2899,槽,第7級,16,26
2900,樑,第7級,14,16
2901,歎,第7級,30,4
2902,毆,第7級,8,1
2903,潤,第7級,48,32
2904,潦,第7級,5,1
2905,潭,第7級,18,14
2906,澄,第7級,17,12
2907,澎,第7級,10,44
2908,獗,第7級,2,3
2909,瑩,第7級,40,3
2910,瘟,第7級,6,3
2911,瘡,第7級,17,15
2912,瘤,第7級,19,16
2913,瘩,第7級,4,2
2914,瞇,第7級,8,2
2915,瞌,第7級,5,4
2916,稿,第7級,57,22
2917,穀,第7級,38,44
2918,緝,第7級,7,10
2919,翩,第7級,9,2
2920,膜,第7級,32,23
2921,膝,第7級,46,12
2922,舖／鋪,第7級,70,44
2923,蔑,第7級,11,2
2924,蔗,第7級,11,16
2925,蔭,第7級,13,7
2926,蔽,第7級,16,9
2927,蝴,第7級,17,32
2928,蝶,第7級,25,47
2929,蝸,第7級,3,7
2930,螂,第7級,5,11
2931,誹,第7級,3,0
2932,諂,第7級,4,1
2933,諸,第7級,197,28
2934,豎,第7級,18,7
2935,賜,第7級,54,16
2936,輟,第7級,6,7
2937,醇,第7級,19,18
2938,鋁,第7級,6,15
2939,鞏,第7級,13,6
2940,餒,第7級,4,3
2941,憩,第7級,4,4
2942,撼,第7級,17,20
2943,橙,第7級,6,6
2944,橡,第7級,19,11
2945,澳,第7級,21,60
2946,燉,第7級,8,4
2947,穎,第7級,12,24
2948,窺,第7級,19,6
2949,篩,第7級,12,15
2950,罹,第7級,23,43
2951,蕭,第7級,52,19
2952,螃,第7級,5,3
2953,螢,第7級,23,68
2954,褪,第7級,12,5
2955,覦,第7級,3,1
2956,諜,第7級,11,1
2957,諮,第7級,32,8
2958,蹄,第7級,12,5
2959,輻,第7級,7,39
2960,遼,第7級,32,5
2961,錫,第7級,20,11
2962,隧,第7級,7,10
2963,霍,第7級,57,11
2964,頰,第7級,20,3
2965,頹,第7級,9,4
2966,餚,第7級,6,6
2967,駭,第7級,15,3
2968,鴛,第7級,7,1
2969,鴦,第7級,6,1
2970,儡,第7級,3,1
2971,嚀,第7級,6,9
2972,嚏,第7級,4,3
2973,嶺,第7級,30,24
2974,彌,第7級,54,29
2975,懦,第7級,9,1
2976,擎,第7級,20,9
2977,斃,第7級,12,5
2978,濛,第7級,8,3
2979,濤,第7級,13,7
2980,濱,第7級,19,11
2981,燴,第7級,2,1
2982,爵,第7級,100,3
2983,瞬,第7級,34,21
2984,矯,第7級,15,12
2985,礁,第7級,8,40
2986,篷,第7級,15,3
2987,糞,第7級,14,10
2988,繃,第7級,19,11
2989,翼,第7級,53,20
2990,聳,第7級,32,8
2991,膿,第7級,6,2
2992,蕾,第7級,22,12
2993,薦／荐,第7級,52,14
2994,蟑,第7級,3,10
2995,覬,第7級,3,1
2996,謗,第7級,6,1
2997,豁,第7級,9,6
2998,輾,第7級,9,8
2999,輿,第7級,13,6
3000,轄,第7級,13,3
3001,醞,第7級,6,3
3002,鍾,第7級,34,10
3003,霞,第7級,12,9
3004,鮪,第7級,4,1
3005,鮭,第7級,3,19
3006,齋,第7級,19,36
3007,叢,第7級,64,18
3008,壘,第7級,28,6
3009,擲,第7級,14,4
3010,朦,第7級,7,2
3011,濺,第7級,8,2
3012,瀉,第7級,18,5
3013,璧,第7級,5,2
3014,癒,第7級,49,20
3015,癖,第7級,8,1
3016,竄,第7級,19,6
3017,竅,第7級,16,8
3018,繡,第7級,27,9
3019,翹,第7級,15,11
3020,贅,第7級,8,1
3021,蹦,第7級,10,9
3022,軀,第7級,19,6
3023,轍,第7級,10,4
3024,釐,第7級,17,13
3025,魏,第7級,92,18
3026,壟,第7級,9,3
3027,懲,第7級,34,10
3028,攏,第7級,17,6
3029,曠,第7級,12,8
3030,櫥,第7級,13,5
3031,瀕,第7級,8,18
3032,瀟,第7級,7,2
3033,爍,第7級,12,3
3034,瓣,第7級,10,4
3035,疆,第7級,27,17
3036,矇,第7級,5,2
3037,禱,第7級,34,28
3038,簷,第7級,7,4
3039,簾,第7級,22,10
3040,繭,第7級,8,7
3041,羹,第7級,8,3
3042,藤,第7級,63,14
3043,蟹,第7級,17,9
3044,蠅,第7級,13,11
3045,襟,第7級,13,3
3046,譁,第7級,4,1
3047,譏,第7級,10,1
3048,蹺,第7級,6,4
3049,鏟,第7級,7,6
3050,鯨,第7級,11,33
3051,嚷,第7級,19,2
3052,嚼,第7級,17,9
3053,壤,第7級,13,90
3054,朧,第7級,7,1
3055,瀰,第7級,11,7
3056,癥,第7級,7,3
3057,礪,第7級,2,1
3058,籌,第7級,37,22
3059,糯,第7級,7,11
3060,繽,第7級,5,7
3061,艦,第7級,29,17
3062,藹,第7級,6,1
3063,藻,第7級,8,34
3064,蘆,第7級,27,19
3065,辮,第7級,9,3
3066,饋,第7級,23,30
3067,馨,第7級,19,22
3068,齣,第7級,12,9
3069,攜,第7級,26,24
3070,纏,第7級,42,10
3071,譴,第7級,10,10
3072,贓,第7級,6,1
3073,闢,第7級,14,9
3074,霸,第7級,60,18
3075,饗,第7級,3,3
3076,鶯,第7級,7,4
3077,鶴,第7級,20,8
3078,黯,第7級,10,2
3079,囊,第7級,28,15
3080,鑄,第7級,12,4
3081,鑑／鑒,第7級,44,27
3082,鬚,第7級,16,7
3083,籤,第7級,21,18
3084,纖,第7級,28,51
3085,邏,第7級,44,16
3086,髓,第7級,18,12
3087,鱗,第7級,9,3
3088,囑,第7級,25,2
3089,攬,第7級,13,4
3090,癱,第7級,12,9
3091,矗,第7級,4,4
3092,蠶,第7級,9,6
3093,驟,第7級,40,26
3094,釁,第7級,8,9
3095,鑲,第7級,14,5
3096,顱,第7級,8,2
3097,矚,第7級,7,10
3098,纜,第7級,6,9
3099,鑼,第7級,9,7
3100,籲,第7級,10,34